risk_aversion,kappa,base_qty,overlay_p_market,join_best,improve_best,imbalance_sensitivity,imbalance_level,inv_penalty_lambda,mtm_mean,mtm_std,mtm_abs_mean,inv_mean,inv_abs_mean,spread_mean,sharpe_event_mean,sharpe_event_adj_mean,sharpe_event_pooled,sharpe_event_adj_pooled,fills_mean,filled_qty_mean,delta_count
0.2,0.1,1,0.05,False,True,0.5,1,0.1,11969.55,2018.1879723322768,11969.55,22.7,22.7,1.9,15.43884503612955,9.395997390055916,48.50781664229372,29.460661431344054,565.8,607.1,49391.9
0.2,0.1,1,0.05,False,True,0.0,1,0.1,11917.95,1971.4476977591873,11917.95,22.8,22.8,1.9,15.382217478140111,9.34814511106895,48.282629641753005,29.27701438773476,567.0,607.8,49392.6
0.2,0.01,2,0.05,False,True,1.0,1,0.1,4998.25,1482.147264575585,4998.25,7.4,7.4,1.8,13.016198222774083,9.346484358581636,41.38063745799955,28.93957074774454,631.9,1034.6,49239.0
0.1,0.5,1,0.05,False,True,0.5,1,0.1,12743.5,1653.2846262986768,12743.5,25.1,25.1,1.9,15.490330529575012,9.224881772333806,48.94018979686684,29.18393252290173,570.5,620.1,49319.7
0.3,0.5,2,0.05,False,True,1.0,1,0.1,5321.75,1624.7514382548216,5321.75,9.9,9.9,2.4,13.577639399699882,9.208256180507533,42.98980412630592,27.547030600728288,648.9,1053.3,49137.0
0.2,0.5,2,0.05,False,True,1.0,1,0.1,5686.25,1724.310445914218,5686.25,8.7,9.7,1.9,13.546837890543134,9.116629588191767,43.11217828557703,28.43762212054866,633.1,1033.3,49232.5
0.3,0.01,2,0.05,False,True,0.0,1,0.1,4750.85,1421.057275606988,4750.85,7.3,7.7,1.9,12.503636355044486,9.068159671551465,39.35302023153843,27.18929699629067,622.8,1022.7,49197.4
0.1,0.1,1,0.05,False,True,0.0,1,0.1,11910.65,1862.8613899947932,11910.65,23.2,23.2,2.1,14.943735820993655,9.059947544310914,47.16179159757268,28.660737157420787,551.0,591.2,49377.9
0.3,0.05,1,0.05,False,True,0.0,1,0.1,11910.65,1862.8613899947932,11910.65,23.2,23.2,2.1,14.943735820993655,9.059947544310914,47.16179159757268,28.660737157420787,551.0,591.2,49377.9
0.3,0.05,1,0.05,False,True,0.5,1,0.1,11910.65,1862.8613899947932,11910.65,23.2,23.2,2.1,14.943735820993655,9.059947544310914,47.16179159757268,28.660737157420787,551.0,591.2,49377.9
0.1,0.2,2,0.02,False,True,0.5,1,0.1,4760.75,1116.6319211012294,4760.75,7.5,7.9,1.8,13.083766866850056,9.023118937029947,40.95459440697148,27.68647428531009,253.0,405.7,49725.0
0.1,0.01,2,0.05,False,True,0.5,1,0.1,5381.45,1759.300736245954,5381.45,7.6,8.0,2.1,12.69053608952576,9.01949455405065,40.49729699062454,28.47007689114073,635.0,1035.6,49240.2
0.1,0.01,2,0.05,False,True,1.0,1,0.1,5381.45,1759.300736245954,5381.45,7.6,8.0,2.1,12.69053608952576,9.01949455405065,40.49729699062454,28.47007689114073,635.0,1035.6,49240.2
0.2,0.5,1,0.05,False,True,0.5,1,0.1,11200.45,1837.4805282415011,11200.45,22.4,22.4,1.8,14.798038280756566,8.954761842807734,46.40030360078768,28.087840228020028,573.3,608.8,49361.7
0.1,0.5,2,0.05,False,True,0.0,1,0.1,4651.0,1574.438506614695,4651.0,5.6,7.0,1.9,12.61811337138721,8.941792802355106,40.39332707295631,28.314472804308043,645.7,1064.4,49239.3
0.2,0.5,2,0.05,False,True,0.0,1,0.1,4651.0,1574.438506614695,4651.0,5.6,7.0,1.9,12.61811337138721,8.941792802355106,40.39332707295631,28.314472804308043,645.7,1064.4,49239.3
0.3,0.5,2,0.05,False,True,0.0,1,0.1,4651.0,1574.438506614695,4651.0,5.6,7.0,1.9,12.61811337138721,8.941792802355106,40.39332707295631,28.314472804308043,645.7,1064.4,49239.3
0.1,0.1,1,0.05,False,True,0.5,1,0.1,11972.95,1961.290695350046,11972.95,24.5,24.5,2.0,14.992314503635917,8.883743885004932,47.20754622826903,28.117123619112842,558.0,598.1,49401.1
0.2,0.1,1,0.05,False,True,1.0,1,0.1,11576.5,1879.2928043400912,11576.5,24.0,24.0,2.3,15.053970581911837,8.877507416365782,47.30861685920288,28.016663396318645,551.7,593.8,49291.4
0.1,0.1,2,0.02,False,True,0.0,1,0.1,5171.75,1029.17068150364,5171.75,9.7,9.9,1.7,13.843502213917949,8.864226207780384,43.761263834450105,27.517302826066448,252.4,404.5,49658.9
0.3,0.05,2,0.02,False,True,0.0,1,0.1,5171.75,1029.17068150364,5171.75,9.7,9.9,1.7,13.843502213917949,8.864226207780384,43.761263834450105,27.517302826066448,252.4,404.5,49658.9
0.3,0.05,2,0.02,False,True,0.5,1,0.1,5171.75,1029.17068150364,5171.75,9.7,9.9,1.7,13.843502213917949,8.864226207780384,43.761263834450105,27.517302826066448,252.4,404.5,49658.9
0.2,0.2,2,0.05,False,True,0.0,1,0.1,5017.3,1240.9586616805573,5017.3,8.5,8.5,2.0,12.85264529944064,8.847831064040617,40.46865752264833,27.333759552816048,623.0,1026.3,49126.9
0.3,0.2,2,0.05,False,True,0.0,1,0.1,5017.3,1240.9586616805573,5017.3,8.5,8.5,2.0,12.85264529944064,8.847831064040617,40.46865752264833,27.333759552816048,623.0,1026.3,49126.9
0.3,0.01,2,0.05,False,True,0.5,1,0.1,4806.05,1437.2174205348645,4806.05,8.3,8.5,1.9,12.640422572977112,8.82077097170037,39.809195185340954,26.649077140798447,622.1,1020.7,49195.7
0.3,0.1,1,0.05,False,True,0.5,1,0.1,11615.0,1789.7242493995798,11615.0,24.7,24.7,2.1,15.086909854779174,8.813458868278522,47.012049815695455,27.62754203445553,563.2,598.7,49255.1
0.3,0.1,1,0.05,False,True,1.0,1,0.1,11751.25,1758.9862808194698,11751.25,23.3,23.3,2.1,14.36388921538285,8.809622835215142,45.06370392112417,27.69834416580304,557.5,597.3,49233.7
0.2,0.05,1,0.05,False,True,1.0,1,0.1,11528.35,3182.4254905304188,11528.35,22.7,22.7,2.1,14.416289477159976,8.807356935420751,45.64623538206381,27.980550006526457,564.0,599.9,49342.5
0.2,0.05,1,0.05,False,True,0.5,1,0.1,11377.0,3094.2414974342973,11377.0,22.7,22.7,2.2,14.428518923048287,8.781345412733575,45.842640992954514,27.908582929064803,563.5,600.7,49356.7
0.1,0.5,1,0.05,False,True,0.0,1,0.1,11145.15,2040.6735686750314,11145.15,23.1,23.1,2.2,14.525441556491929,8.724954983318513,45.80759203777157,27.47552465108212,577.1,608.3,49386.0
0.2,0.5,1,0.05,False,True,0.0,1,0.1,11145.15,2040.6735686750314,11145.15,23.1,23.1,2.2,14.525441556491929,8.724954983318513,45.80759203777157,27.47552465108212,577.1,608.3,49386.0
0.3,0.5,1,0.05,False,True,0.0,1,0.1,11145.15,2040.6735686750314,11145.15,23.1,23.1,2.2,14.525441556491929,8.724954983318513,45.80759203777157,27.47552465108212,577.1,608.3,49386.0
0.2,0.01,2,0.05,False,True,0.5,1,0.1,4843.6,1541.866505966785,4843.6,8.4,8.4,2.0,12.66412467502796,8.71439090273707,40.17717951494372,26.985319476322577,637.9,1042.8,49223.9
0.3,0.01,1,0.05,False,True,1.0,1,0.1,11265.2,2760.943258703043,11265.2,22.6,22.6,2.0,14.26041705424812,8.680806103145866,45.03961118161807,27.559972198210023,568.2,606.4,49269.6
0.2,0.01,1,0.05,False,True,0.0,1,0.1,11302.4,2517.820892050196,11302.4,22.0,22.0,2.1,13.927996200978237,8.678709508688412,43.093462852500814,27.108330746937238,554.2,593.4,49419.7
0.1,0.05,2,0.05,False,True,0.0,1,0.1,4920.3,2042.912466172852,4920.3,7.0,7.2,2.3,12.572989591859507,8.661575756776738,39.17598640245784,27.9398193054791,623.2,1016.6,49211.6
0.3,0.05,1,0.05,False,True,1.0,1,0.1,11514.3,2068.570563886516,11514.3,23.7,23.7,1.6,14.193109829740806,8.617763293974638,44.75830202161743,27.179442297505716,550.4,587.9,49286.9
0.2,0.05,2,0.05,False,True,1.0,1,0.1,4608.45,1624.2323904950713,4608.45,6.8,7.2,2.2,11.610900082284676,8.60940474984305,36.92055787562008,26.287601993213336,620.0,1009.8,49171.6
0.2,0.2,1,0.05,False,True,0.0,1,0.1,11442.4,2366.096208244007,11442.4,24.4,24.4,1.8,14.565317258775323,8.592125967021799,45.882930363486174,27.19523021460325,559.5,595.2,49326.3
0.3,0.2,1,0.05,False,True,0.0,1,0.1,11442.4,2366.096208244007,11442.4,24.4,24.4,1.8,14.565317258775323,8.592125967021799,45.882930363486174,27.19523021460325,559.5,595.2,49326.3
0.3,0.5,1,0.05,False,True,1.0,1,0.1,11554.85,2148.7662745812486,11554.85,25.0,25.0,2.2,14.709500016947942,8.587883664177863,46.30535793149229,27.178038538960475,576.1,622.8,49346.7
0.3,0.01,1,0.05,False,True,0.0,1,0.1,11458.4,2431.341099978455,11458.4,24.4,24.4,2.1,14.47366752335459,8.586748901799561,45.367099072361775,27.028640080485914,564.9,603.0,49324.6
0.1,0.01,2,0.05,False,True,0.0,1,0.1,5007.45,2108.1973796745565,5007.45,7.5,7.9,1.9,11.933103244501424,8.540296989575468,38.452364128964724,26.970671704151307,633.7,1036.7,49244.9
0.3,0.05,2,0.05,False,True,1.0,1,0.1,4682.8,1071.8895102678364,4682.8,7.7,7.7,2.3,11.962330341141124,8.505987413545697,37.248123603813895,26.054659152593945,620.7,1012.1,49201.6
0.1,0.05,1,0.05,False,True,0.5,1,0.1,10886.9,3575.861549643977,10886.9,22.0,22.0,2.0,14.018354620519746,8.505434364055468,45.087591219144564,27.49252260644687,565.6,602.4,49340.3
0.1,0.05,1,0.05,False,True,1.0,1,0.1,10886.9,3575.861549643977,10886.9,22.0,22.0,2.0,14.018354620519746,8.505434364055468,45.087591219144564,27.49252260644687,565.6,602.4,49340.3
0.2,0.01,2,0.05,False,True,0.0,1,0.1,4826.7,1556.6616202630553,4826.7,8.6,8.6,1.9,12.296272958013677,8.500217805698385,39.201977779534424,26.311820158930807,634.5,1041.8,49192.9
0.2,0.05,2,0.05,False,True,0.5,1,0.1,4455.15,1790.1673269092287,4455.15,5.5,6.5,2.2,11.322915884858679,8.499227498110978,36.18960081192972,26.41481663702086,623.4,1016.7,49119.0
0.1,0.5,2,0.02,False,True,1.0,1,0.1,4975.15,1523.7155073117233,4975.15,10.0,10.0,1.9,13.637471013622807,8.484321027207388,42.9380230334502,26.69851950570088,249.0,397.0,49670.6
0.1,0.05,1,0.05,False,True,0.0,1,0.1,10863.0,3566.067574295872,10863.0,22.5,22.5,2.0,14.184901903736518,8.47708093354003,45.648560001066485,27.427300138593502,563.4,599.1,49370.9
0.2,0.2,1,0.05,False,True,1.0,1,0.1,11276.4,1965.3412454612333,11276.4,25.8,25.8,1.9,14.752676779473934,8.422818887640624,46.27676596935792,26.541486344629252,570.4,603.4,49318.7
0.1,0.2,2,0.05,False,True,1.0,1,0.1,4876.0,1394.6720044512258,4876.0,9.0,9.0,2.2,12.93999581431502,8.366985865631076,40.750419030034195,26.672583673885857,637.7,1040.0,49240.2
0.3,0.1,1,0.05,False,True,0.0,1,0.1,11418.55,2135.20167470585,11418.55,24.8,24.8,1.9,14.085913105706313,8.362655971002397,43.78354890007519,26.242628467426734,562.7,602.6,49406.8
0.2,0.05,2,0.02,False,True,1.0,1,0.1,5248.1,1411.1199413546988,5248.1,11.4,11.4,1.7,13.89002056506419,8.328319799636072,43.22712650307066,26.011106079280037,247.5,402.2,49685.5
0.2,0.05,2,0.02,False,True,0.5,1,0.1,5246.9,1410.985762586647,5246.9,11.4,11.4,1.7,13.883146800877787,8.325512017281362,43.20243552870593,25.99979650851462,247.5,402.2,49685.5
0.3,0.5,1,0.05,False,True,0.5,1,0.1,-17294.45,93458.51642081932,39355.75,23.5,23.5,2.5,13.771511616087004,8.32234834793291,-0.5816327537978068,-0.5784198888028477,574.8,615.1,49394.5
0.2,0.2,1,0.05,False,True,0.5,1,0.1,-12142.2,77239.58539296917,34249.4,24.0,24.0,2.0,13.875638591308258,8.25224775259318,-0.49770765970441355,-0.49429052700206116,559.8,594.4,49383.6
0.1,0.2,1,0.05,False,True,0.0,1,0.1,11049.25,3043.0565431815426,11049.25,24.1,24.1,1.9,13.962684594457393,8.243869560216243,43.08354436205389,25.94206678277011,559.5,598.7,49442.0
0.3,0.2,1,0.05,False,True,1.0,1,0.1,10586.85,2950.363386752366,10586.85,23.5,23.5,2.0,13.985339424906137,8.233509135752909,44.34606608796818,26.219208242708977,564.9,598.1,49328.0
0.2,0.2,2,0.05,False,True,0.5,1,0.1,4919.7,2097.8847971760083,4978.1,8.3,8.3,2.3,11.896955601962002,8.203954657082807,37.427398576582675,25.939111384731937,626.6,1024.7,49197.4
0.3,0.01,2,0.05,False,True,1.0,1,0.1,4831.8,1526.743433295559,4831.8,9.9,9.9,2.1,12.717778892394328,8.200753710442752,40.098487057376175,25.439057831646167,621.1,1019.7,49195.3
0.1,0.1,2,0.05,False,True,1.0,1,0.1,4536.5,1864.1276929318858,4536.5,5.7,7.5,2.2,11.582906198662883,8.186843482503718,37.589481716192864,26.177862870231777,615.2,1004.1,49205.4
0.1,0.5,1,0.05,False,True,1.0,1,0.1,-14798.1,87288.86200643114,37842.9,23.7,23.7,1.8,13.099159304772723,8.14857595718667,-0.5357508337996655,-0.5325429923664136,574.2,618.7,49284.0
0.2,0.2,2,0.02,False,True,0.0,1,0.1,4772.1,1556.3214963496455,4772.1,9.5,10.5,1.8,12.903623614932762,8.135379719893555,40.73057634986125,24.961944776315946,242.3,387.7,49685.6
0.3,0.2,2,0.02,False,True,0.0,1,0.1,4772.1,1556.3214963496455,4772.1,9.5,10.5,1.8,12.903623614932762,8.135379719893555,40.73057634986125,24.961944776315946,242.3,387.7,49685.6
0.1,0.1,2,0.02,False,True,0.5,1,0.1,5106.9,1271.596345805801,5106.9,11.1,11.1,1.7,13.16933771549652,8.122768355321531,41.45893534630478,25.357259553272666,245.5,397.1,49655.8
0.3,0.05,2,0.05,False,True,0.5,1,0.1,4691.75,1892.5687019674256,4691.75,7.7,8.1,2.1,11.717846422856045,8.113523983908536,36.054519087656956,25.094957871405693,619.8,1016.1,49225.9
0.1,0.1,2,0.05,False,True,0.0,1,0.1,4691.75,1892.5687019674256,4691.75,7.7,8.1,2.1,11.71696138688591,8.11320813662337,36.0525870214619,25.094021856846982,619.8,1016.1,49225.9
0.3,0.05,2,0.05,False,True,0.0,1,0.1,4691.75,1892.5687019674256,4691.75,7.7,8.1,2.1,11.71696138688591,8.11320813662337,36.0525870214619,25.094021856846982,619.8,1016.1,49225.9
0.3,0.1,2,0.05,False,True,1.0,1,0.1,4423.15,1579.423014373709,4423.15,7.1,7.9,2.8,11.740224341361955,8.105063850301667,37.15394772652415,25.349044055741917,627.6,1027.3,49249.4
0.1,0.01,1,0.05,False,True,0.0,1,0.1,10413.2,4023.654144900848,10413.2,20.9,20.9,1.9,12.929465972149139,8.076515461808304,40.79430644174493,25.89193163983169,561.8,595.7,49415.0
0.1,0.5,2,0.05,False,True,1.0,1,0.1,5043.6,1323.8976294764386,5043.6,10.2,11.2,2.2,12.760835502126753,8.016417868018241,40.50425201391722,24.828846689248756,646.7,1059.8,49268.4
0.2,0.05,1,0.05,False,True,0.0,1,0.1,10759.6,4273.619229905985,10765.6,22.9,22.9,2.1,13.311689130007249,7.985755180585103,44.00918488000205,26.536062156592287,563.5,602.7,49420.0
0.1,0.1,1,0.05,False,True,1.0,1,0.1,-7294.15,60319.46120082915,28489.25,23.0,23.0,1.7,13.282769262078993,7.963642252119881,-0.380857433654548,-0.3776694156749318,558.2,597.6,49406.8
0.2,0.5,2,0.02,False,True,1.0,1,0.1,4768.9,2004.7934473822152,4768.9,8.7,9.5,2.1,12.444266938904583,7.941223407345208,39.8555029617907,25.557642811661626,256.0,406.5,49649.3
0.3,0.2,2,0.05,False,True,0.5,1,0.1,4371.3,2123.2346942028494,4371.3,6.9,8.9,2.2,11.773904516386873,7.922214791236392,37.08441343671456,24.231965231554078,615.2,1015.9,49346.1
0.1,0.2,2,0.02,False,True,1.0,1,0.1,4387.0,1759.6347158809222,4387.0,10.2,10.2,1.6,12.415844698235968,7.9097894841760485,39.73547792431914,24.064968049899925,249.6,406.0,49679.1
0.3,0.01,1,0.05,False,True,0.5,1,0.1,-11123.2,73151.25843764488,32728.4,23.8,23.8,1.9,13.034966764681393,7.885342478884796,-0.49945040337354596,-0.495730025173757,569.6,607.6,49317.9
0.3,0.05,2,0.02,False,True,1.0,1,0.1,4965.45,1558.2566549762519,4965.45,11.5,11.5,1.8,13.368357059354363,7.86281839468584,41.87606145644805,24.870907638124002,245.8,400.9,49701.3
0.2,0.5,1,0.05,False,True,1.0,1,0.1,-12528.6,79045.1104439737,34965.2,23.8,23.8,1.5,12.567619472024516,7.801862317994374,-0.5100303147418841,-0.5065848673181977,577.3,626.6,49277.2
0.3,0.5,2,0.05,False,True,0.5,1,0.1,4715.75,2158.1858282929306,4767.35,9.8,9.8,1.8,11.943586415413705,7.783683752289485,38.047053530597196,24.479582315958933,652.7,1064.0,49135.7
0.2,0.05,2,0.02,False,True,0.0,1,0.1,5079.95,1950.0877822122093,5079.95,12.0,12.0,1.7,13.12971572434772,7.7647686473140896,41.929966073555605,24.693043887687395,248.1,397.8,49668.1
0.1,0.1,2,0.05,False,True,0.5,1,0.1,4456.8,1595.3790075645907,4456.8,8.8,8.8,1.9,11.76194042671473,7.751135393404113,37.694203181197956,24.76729684473144,616.5,1000.8,49177.2
0.2,0.5,2,0.02,False,True,0.5,1,0.1,4604.75,1533.645606788681,4604.75,11.4,11.4,1.7,13.009825814026428,7.740910229938575,41.414200518128176,24.03961499732836,251.9,402.4,49691.0
0.1,0.2,1,0.05,False,True,1.0,1,0.1,-14275.8,81477.40712246555,34945.4,23.8,23.8,1.8,12.912809305540947,7.693234809135351,-0.5590192167351156,-0.5553823762051857,554.8,587.8,49369.4
0.3,0.5,2,0.02,False,True,0.5,1,0.1,4301.55,1450.4990223674365,4301.55,9.5,9.5,2.0,12.490620580740355,7.688462145343688,39.19505684405272,24.351633753492994,248.9,406.5,49585.2
0.1,0.2,2,0.05,False,True,0.5,1,0.1,4348.2,2003.0653065295255,4348.2,7.0,9.0,2.4,11.352911861636594,7.684739096894789,36.40848604789667,23.81623540954521,623.6,1026.2,49225.4
0.2,0.05,2,0.05,False,True,0.0,1,0.1,4249.45,2212.247367246459,4488.45,4.0,7.4,2.1,10.789091409183905,7.632166308877389,34.71161399721723,24.379383814946245,620.1,1014.4,49158.1
0.1,0.2,2,0.02,False,True,0.0,1,0.1,4295.15,2029.3303363151324,4295.15,7.3,9.5,1.8,11.78380824450885,7.583476940398811,38.44090990686475,24.039433047938623,242.0,388.9,49646.4
0.3,0.1,2,0.02,False,True,0.0,1,0.1,4295.15,2029.3303363151324,4295.15,7.3,9.5,1.8,11.78380824450885,7.583476940398811,38.44090990686475,24.039433047938623,242.0,388.9,49646.4
0.3,0.2,2,0.02,False,True,1.0,1,0.1,4411.25,1528.9262254202386,4411.25,9.5,9.9,2.0,11.91195785014183,7.493026155677148,38.10165892385285,23.775551794302533,250.6,403.5,49654.7
0.2,0.1,2,0.05,False,True,0.5,1,0.1,-1236.55,19029.345893543243,9802.45,6.4,6.4,1.7,10.08703068403939,7.454539609628485,-0.2302774179761258,-0.22836977082597107,623.5,1011.4,49122.4
0.2,0.01,1,0.05,False,True,0.5,1,0.1,10584.0,4548.9969590376,10912.0,21.6,21.6,2.1,12.056583337845506,7.431950981880594,40.65341628256829,25.68206170335819,555.3,594.4,49369.7
0.1,0.2,1,0.05,False,True,0.5,1,0.1,-12181.95,73056.78436609353,31826.05,23.9,23.9,2.0,12.610656817633203,7.418562271148073,-0.5231411093355937,-0.5193974952876069,557.2,592.7,49315.4
0.2,0.1,2,0.02,False,True,1.0,1,0.1,4822.65,1735.050336285505,4822.65,12.8,12.8,1.7,12.967160996884802,7.407382801698778,41.45044639103002,23.344063980930176,241.0,387.0,49705.4
0.1,0.1,2,0.02,False,True,1.0,1,0.1,4800.1,1704.3995325822718,4800.1,11.9,11.9,1.6,12.617630059708627,7.4058555215043596,39.78439785911051,23.47075800629148,249.3,402.3,49662.5
0.2,0.1,2,0.02,False,True,0.0,1,0.1,4028.2,1514.5139337607811,4028.2,8.0,8.8,1.8,11.463127551463346,7.38989739592608,36.81785237449468,23.498172662911507,247.4,401.0,49666.0
0.2,0.01,1,0.05,False,True,1.0,1,0.1,10499.7,4499.488601805519,10827.7,22.4,22.4,2.1,12.017818307156675,7.310931887073016,40.543427159462176,25.21890572498972,556.6,594.8,49355.8
0.3,0.5,2,0.02,False,True,1.0,1,0.1,4646.6,1679.4023705539487,4646.6,12.1,12.1,1.6,12.490009977147057,7.251693920402497,39.8561523141226,23.015314002272323,249.9,393.5,49705.3
0.1,0.01,1,0.05,False,True,0.5,1,0.1,-13116.2,76849.98798821564,33232.4,23.1,23.1,1.9,11.738085225386737,7.246780003562379,-0.5554912440824772,-0.5516987620062149,556.9,592.9,49372.0
0.1,0.01,1,0.05,False,True,1.0,1,0.1,-13116.2,76849.98798821564,33232.4,23.1,23.1,1.9,11.738085225386737,7.246780003562379,-0.5554912440824772,-0.5516987620062149,556.9,592.9,49372.0
0.3,0.01,2,0.02,False,True,1.0,1,0.1,4152.4,1833.9758995144948,4171.6,11.2,11.2,1.7,12.077803704483287,7.108605132650057,38.74987275416166,22.314183792156182,246.6,407.2,49663.3
0.1,0.5,2,0.02,False,True,0.5,1,0.1,4453.15,1644.648308403147,4453.15,12.0,12.0,1.9,12.281998676499391,7.089138403132452,39.4287917861254,22.551850249575974,242.3,394.0,49609.9
0.3,0.1,2,0.02,False,True,0.5,1,0.1,-14268.6,60266.741117579375,22881.4,11.6,11.6,1.8,11.569025262203624,7.035950946996646,-0.7560899216714561,-0.7528303259112893,233.9,379.4,49617.3
0.1,0.05,2,0.02,False,True,0.0,1,0.1,4025.6,2168.2657022504313,4281.1,9.2,9.4,2.0,11.655834874818416,7.019470746905837,38.08210579132967,23.413568435058675,248.9,413.2,49636.6
0.1,0.05,2,0.05,False,True,0.5,1,0.1,-2944.45,23519.432505023018,10988.35,6.3,8.5,1.8,10.229213777044306,6.966125076920764,-0.39357853892495154,-0.39046638621541196,625.6,1026.7,49211.0
0.1,0.05,2,0.05,False,True,1.0,1,0.1,-2944.45,23519.432505023018,10988.35,6.3,8.5,1.8,10.229213777044306,6.966125076920764,-0.39357853892495154,-0.39046638621541196,625.6,1026.7,49211.0
0.3,0.2,1,0.05,False,True,0.5,1,0.1,10325.35,4799.115572744165,10775.95,21.5,21.9,1.9,11.95644064272695,6.962361532048292,41.369190140282164,25.594253273461167,557.2,596.1,49342.1
0.2,0.1,2,0.02,False,True,0.5,1,0.1,-2149.75,19635.180400170055,9421.05,6.6,7.4,1.7,10.340069663334654,6.895163651880862,-0.34051401753002447,-0.3377243617030263,247.5,398.8,49661.4
0.3,0.1,2,0.05,False,True,0.5,1,0.1,3847.05,2867.557240056421,4410.05,6.4,7.2,2.0,9.860600065138533,6.890656355456689,32.39451069209622,22.725148292504816,621.4,1018.8,49252.7
0.2,0.1,2,0.05,False,True,0.0,1,0.1,-1554.95,18949.05321066347,9484.05,7.1,7.1,1.7,9.517942157722757,6.8773066336060165,-0.2895771988892407,-0.2869182687584741,627.6,1021.3,49123.0
0.1,0.2,2,0.05,False,True,0.0,1,0.1,-7627.8,38606.77020376953,15853.0,10.2,10.2,1.7,10.82593139747764,6.834899145279869,-0.646852328740795,-0.642949445822117,631.4,1035.4,49249.9
0.3,0.1,2,0.05,False,True,0.0,1,0.1,-7627.8,38606.77020376953,15853.0,10.2,10.2,1.7,10.82593139747764,6.834899145279869,-0.646852328740795,-0.642949445822117,631.4,1035.4,49249.9
0.1,0.05,2,0.02,False,True,0.5,1,0.1,4024.5,2165.7905792881575,4280.0,10.0,10.2,1.8,11.637920269618888,6.803842335198994,38.03147455608199,22.649621104047373,247.5,409.6,49640.1
0.1,0.05,2,0.02,False,True,1.0,1,0.1,4024.5,2165.7905792881575,4280.0,10.0,10.2,1.8,11.637920269618888,6.803842335198994,38.03147455608199,22.649621104047373,247.5,409.6,49640.1
0.1,0.5,2,0.05,False,True,0.5,1,0.1,3665.55,2267.6223040640807,3665.55,3.9,7.9,2.4,9.664979589805988,6.790095284498504,30.004882382746594,20.65104073359947,630.6,1034.9,49061.0
0.3,0.2,2,0.02,False,True,0.5,1,0.1,3948.45,2174.1938665731823,3948.45,10.0,10.4,2.0,11.489439838050785,6.675859313806068,37.403865877174226,22.0745112362632,245.9,393.8,49684.3
0.1,0.1,1,0.02,False,True,0.0,1,0.1,8058.6,2136.489433627042,8058.6,26.4,26.4,1.5,12.957282971580401,6.640988144678819,41.002169223463774,21.052666913588716,209.2,231.6,49767.7
0.3,0.05,1,0.02,False,True,0.0,1,0.1,8058.6,2136.489433627042,8058.6,26.4,26.4,1.5,12.957282971580401,6.640988144678819,41.002169223463774,21.052666913588716,209.2,231.6,49767.7
0.3,0.05,1,0.02,False,True,0.5,1,0.1,8058.6,2136.489433627042,8058.6,26.4,26.4,1.5,12.957282971580401,6.640988144678819,41.002169223463774,21.052666913588716,209.2,231.6,49767.7
0.2,0.2,2,0.02,False,True,0.5,1,0.1,4144.0,2269.612081391884,4144.0,11.2,11.2,1.6,11.18395927896112,6.622244808803193,36.280409252231884,21.457878255746547,244.0,391.8,49628.4
0.2,0.01,2,0.02,False,True,1.0,1,0.1,-7292.2,37043.78186476706,15232.0,10.5,10.5,1.6,10.585813869775377,6.546560016161344,-0.6306668702377828,-0.6266573409930019,252.9,410.3,49643.8
0.1,0.5,1,0.02,False,True,1.0,1,0.1,8262.95,1157.1514221954226,8262.95,29.4,29.4,1.6,13.037546050168695,6.501583364820299,40.748927461064575,20.151640998300845,213.2,233.8,49698.4
0.3,0.1,2,0.02,False,True,1.0,1,0.1,-6109.35,33195.754768786996,13997.45,11.6,11.6,1.7,11.396416755504688,6.4896910530810255,-0.5818105767733727,-0.5773181391950833,252.1,410.2,49618.6
0.2,0.1,1,0.02,False,True,1.0,1,0.1,7208.15,1882.9177867518981,7208.15,25.0,25.0,1.6,12.5207379152118,6.350327587402356,39.49093585653666,20.09201141723501,201.6,216.2,49691.4
0.2,0.01,2,0.02,False,True,0.0,1,0.1,-7348.3,37055.975226825576,15494.5,8.6,9.8,1.4,10.108529548038886,6.3041458402559325,-0.6355181931349256,-0.6317454623009207,249.5,406.6,49647.0
0.3,0.01,2,0.02,False,True,0.5,1,0.1,-7504.75,36994.80818247789,15277.35,9.4,9.6,1.7,10.575434739433893,6.292723868111915,-0.6490542898629569,-0.6452797748520037,248.4,410.8,49635.7
0.3,0.5,1,0.02,False,True,1.0,1,0.1,7586.9,2061.076509443009,7586.9,27.8,27.8,1.9,12.870348447381284,6.270265253228156,40.64845430159565,19.82166684489265,209.4,226.4,49764.0
0.2,0.5,1,0.02,False,True,0.5,1,0.1,7464.55,2502.798527537613,7464.55,26.8,26.8,1.8,12.592088731477165,6.246976579469282,39.71328063308732,19.79843806260897,212.5,229.6,49768.9
0.2,0.1,2,0.05,False,True,1.0,1,0.1,-8717.35,40643.5936615477,16194.55,9.0,9.0,1.6,9.414304058034933,6.229328365267565,-0.6830077172143973,-0.6796439463894944,617.8,1008.8,49263.2
0.1,0.01,2,0.02,False,True,0.5,1,0.1,368.85,14231.06789943514,8350.05,12.3,12.3,2.1,10.677016412297208,6.142036848776002,0.08778600892826989,0.08601250175426467,244.3,398.3,49611.4
0.1,0.01,2,0.02,False,True,1.0,1,0.1,368.85,14231.06789943514,8350.05,12.3,12.3,2.1,10.677016412297208,6.142036848776002,0.08778600892826989,0.08601250175426467,244.3,398.3,49611.4
0.1,0.5,2,0.02,False,True,0.0,1,0.1,3742.95,2195.464180861178,3923.05,9.8,10.4,1.5,10.698859182906293,6.132501979443339,36.36241658300077,21.2430075919907,246.5,402.2,49624.2
0.2,0.5,2,0.02,False,True,0.0,1,0.1,3742.95,2195.464180861178,3923.05,9.8,10.4,1.5,10.698859182906293,6.132501979443339,36.36241658300077,21.2430075919907,246.5,402.2,49624.2
0.3,0.5,2,0.02,False,True,0.0,1,0.1,3742.95,2195.464180861178,3923.05,9.8,10.4,1.5,10.698859182906293,6.132501979443339,36.36241658300077,21.2430075919907,246.5,402.2,49624.2
0.2,0.01,2,0.02,False,True,0.5,1,0.1,-7541.45,36985.498780265225,15301.35,8.8,10.0,1.6,10.08328604983875,6.092777208483515,-0.652224743173176,-0.6482741087776593,250.8,411.8,49651.4
0.3,0.01,2,0.02,False,True,0.0,1,0.1,-7590.2,36960.94736354997,15191.9,9.7,9.9,1.7,10.488943613671832,6.0917517721066865,-0.6564450949245626,-0.6525097357132417,250.5,415.9,49617.4
0.1,0.5,1,0.02,False,True,0.0,1,0.1,6555.15,1104.8867475899963,6555.15,24.9,24.9,1.5,12.55894372160873,6.088696647731606,39.60349363779342,19.214079557264828,203.0,216.9,49758.8
0.2,0.5,1,0.02,False,True,0.0,1,0.1,6555.15,1104.8867475899963,6555.15,24.9,24.9,1.5,12.55894372160873,6.088696647731606,39.60349363779342,19.214079557264828,203.0,216.9,49758.8
0.3,0.5,1,0.02,False,True,0.0,1,0.1,6555.15,1104.8867475899963,6555.15,24.9,24.9,1.5,12.55894372160873,6.088696647731606,39.60349363779342,19.214079557264828,203.0,216.9,49758.8
0.3,0.05,1,0.02,False,True,1.0,1,0.1,6809.05,2038.6896588250013,6809.05,25.2,25.2,2.1,12.182502713977405,6.04324210786519,38.73791386466217,19.261189335737132,196.2,213.4,49746.8
0.2,0.2,1,0.02,False,True,0.5,1,0.1,7453.6,1754.9954542517894,7453.6,27.9,27.9,1.4,12.18975383678826,6.036028301658004,38.34140639639093,19.05281096655678,200.4,217.1,49758.9
0.2,0.2,1,0.02,False,True,0.0,1,0.1,7335.15,2538.022437187399,7335.15,27.6,27.6,1.8,12.522687224638588,5.991128808762618,39.516910031771005,19.28579777514348,213.9,230.0,49773.5
0.3,0.2,1,0.02,False,True,0.0,1,0.1,7335.15,2538.022437187399,7335.15,27.6,27.6,1.8,12.522687224638588,5.991128808762618,39.516910031771005,19.28579777514348,213.9,230.0,49773.5
0.2,0.5,1,0.02,False,True,1.0,1,0.1,7648.35,2678.6340429612833,7648.35,29.3,29.3,1.5,12.335660645046486,5.983727259805708,38.80144999671946,18.94514020797236,203.5,222.9,49717.1
0.2,0.05,1,0.02,False,True,0.5,1,0.1,6950.65,2831.5590037409897,6950.65,25.5,25.5,1.8,12.018171927593118,5.972542618410945,38.50658337514419,19.28647389206372,202.1,218.5,49763.0
0.2,0.05,1,0.02,False,True,1.0,1,0.1,6949.95,2833.1581068364917,6949.95,25.5,25.5,1.8,12.013971802000432,5.971256668640477,38.502404307967524,19.28445602397539,202.1,218.5,49763.0
0.3,0.1,1,0.02,False,True,0.5,1,0.1,7148.35,2122.413904156198,7148.35,28.0,28.0,2.1,12.325520127165348,5.939619549481243,38.705068785779794,18.705902479473835,209.9,225.4,49730.9
0.2,0.1,1,0.02,False,True,0.5,1,0.1,6704.8,2313.8753471659234,6704.8,25.5,25.5,1.8,12.077884238690048,5.900010980066752,38.057245355830936,18.830209202750464,206.1,220.7,49765.8
0.2,0.2,2,0.02,False,True,1.0,1,0.1,-5965.05,22586.84959519833,13261.75,9.8,9.8,1.3,9.7290748344756,5.896219676511273,-0.7881470042852279,-0.7810188196649858,242.2,392.0,49681.7
0.1,0.01,2,0.02,False,True,0.0,1,0.1,258.6,14214.274896111381,8239.8,12.7,12.7,1.9,10.38459266332384,5.878732917720536,0.06154731390290024,0.060264281412508766,248.2,405.9,49612.0
0.3,0.2,1,0.02,False,True,1.0,1,0.1,6797.7,1802.5395696072806,6797.7,26.9,26.9,1.6,11.930737550422227,5.799829114738263,37.569822884058574,18.33943767722923,199.2,213.7,49744.5
0.3,0.2,2,0.01,False,True,1.0,1,0.1,3666.95,1524.7741262597262,3666.95,13.5,13.5,1.7,10.054625432168582,5.786861856218137,31.35656989421513,17.2817580981375,110.8,171.5,49773.1
0.3,0.01,1,0.02,False,True,1.0,1,0.1,6739.9,2837.0877067083343,6739.9,25.9,25.9,1.7,11.889455464570572,5.786744546003482,38.02599311606642,18.72179060612007,200.9,216.1,49791.5
0.1,0.2,1,0.02,False,True,0.0,1,0.1,6645.8,2336.51050595636,6645.8,26.9,26.9,1.3,11.931669674304532,5.779434211501702,36.824254944278835,17.947089545176542,195.2,207.1,49797.5
0.3,0.1,1,0.02,False,True,0.0,1,0.1,6645.8,2336.51050595636,6645.8,26.9,26.9,1.3,11.931669674304532,5.779434211501702,36.824254944278835,17.947089545176542,195.2,207.1,49797.5
0.3,0.2,2,0.05,False,True,1.0,1,0.1,3634.95,3014.27583389075,4397.35,6.9,9.5,2.1,9.203377249453867,5.774963730983364,30.55867026101099,19.586152300119178,632.3,1037.5,49203.4
0.2,0.05,1,0.02,False,True,0.0,1,0.1,6723.5,2881.131056836302,6723.5,26.3,26.3,1.8,11.954522776948082,5.757528305080549,38.22485083893281,18.60179527954575,200.6,216.1,49775.0
0.2,0.2,2,0.05,False,True,1.0,1,0.1,-11502.95,39762.34862310073,17838.05,6.1,8.3,1.7,8.150514032953454,5.756989195237512,-0.8706729518275746,-0.8668502782007079,622.0,1014.9,49271.8
0.1,0.05,1,0.02,False,True,0.0,1,0.1,6803.55,2688.46421927712,6803.55,27.2,27.2,1.7,11.881775929458762,5.752316277714753,38.07327626114517,18.35802802757243,202.0,217.2,49778.9
0.1,0.05,1,0.02,False,True,0.5,1,0.1,6807.55,2690.2117786317285,6807.55,27.2,27.2,1.7,11.871000883995727,5.751230521346872,38.036214569977446,18.35498921232254,202.0,217.2,49778.9
0.1,0.05,1,0.02,False,True,1.0,1,0.1,6807.55,2690.2117786317285,6807.55,27.2,27.2,1.7,11.871000883995727,5.751230521346872,38.036214569977446,18.35498921232254,202.0,217.2,49778.9
0.3,0.01,1,0.02,False,True,0.0,1,0.1,6757.0,2859.746278566995,6757.0,26.3,26.3,1.7,11.834449914998823,5.722433789680952,37.77085717015635,18.539871150809773,200.5,214.5,49782.0
0.3,0.01,1,0.02,False,True,0.5,1,0.1,6757.0,2859.746278566995,6757.0,26.3,26.3,1.7,11.834449914998823,5.722433789680952,37.77085717015635,18.539871150809773,200.5,214.5,49782.0
0.3,0.05,2,0.01,False,True,1.0,1,0.1,3699.55,2320.614220057555,3750.15,12.6,12.6,1.5,10.051588688687586,5.66021675761585,32.144416159501276,18.133680246040914,104.0,162.2,49807.6
0.1,0.5,2,0.01,False,True,1.0,1,0.1,3715.5,1684.9758982780074,3715.5,13.8,13.8,1.4,10.60415190991655,5.651058313809044,33.88983859712559,17.948413510865908,111.3,172.8,49789.7
0.2,0.1,1,0.02,False,True,0.0,1,0.1,6569.5,2278.7849832750785,6569.5,27.4,27.4,1.7,12.005803842219517,5.643802554092815,37.70424711913959,17.874105440397795,204.8,218.2,49772.1
0.2,0.01,1,0.02,False,True,0.0,1,0.1,6823.05,2748.4153661701134,6823.05,27.7,27.7,1.6,11.796794399240177,5.63337853371986,37.394054557293025,18.055477983847464,202.3,216.3,49776.4
0.2,0.01,1,0.02,False,True,0.5,1,0.1,6823.05,2748.4153661701134,6823.05,27.7,27.7,1.6,11.796794399240177,5.63337853371986,37.394054557293025,18.055477983847464,202.3,216.3,49776.4
0.2,0.01,1,0.02,False,True,1.0,1,0.1,6825.05,2749.2661894686653,6825.05,27.7,27.7,1.6,11.773564304872448,5.627941740942887,37.28846149158117,18.03355342764911,202.3,216.3,49776.4
0.2,0.2,1,0.02,False,True,1.0,1,0.1,6568.65,1480.1006731900968,6568.65,26.9,26.9,1.8,11.489804973232301,5.611545939663178,36.18900085872193,17.691037739374696,198.5,213.5,49777.8
0.1,0.01,1,0.02,False,True,0.0,1,0.1,6879.1,2798.0565656262997,6879.1,27.2,27.2,1.8,11.469757351997105,5.600476960895866,35.53742713184524,17.84533196550608,202.5,217.2,49780.9
0.1,0.1,1,0.02,False,True,0.5,1,0.1,-25501.9,104806.79657742726,39242.1,27.4,27.4,1.5,11.274817872650724,5.595844004215861,-0.7658279897275898,-0.7614079188930077,210.0,231.6,49774.3
0.1,0.01,1,0.02,False,True,0.5,1,0.1,6883.4,2802.268097254238,6883.4,27.2,27.2,1.8,11.43635444135625,5.590383880508574,35.324282422147114,17.796942401938637,202.5,217.2,49780.9
0.1,0.01,1,0.02,False,True,1.0,1,0.1,6883.4,2802.268097254238,6883.4,27.2,27.2,1.8,11.43635444135625,5.590383880508574,35.324282422147114,17.796942401938637,202.5,217.2,49780.9
0.1,0.1,1,0.02,False,True,1.0,1,0.1,-25649.85,104761.14575999646,39094.15,26.9,26.9,1.4,11.225923158782818,5.574448936207451,-0.7702713334775058,-0.7659061378415882,204.0,222.9,49777.6
0.1,0.5,1,0.02,False,True,0.5,1,0.1,6595.05,3499.8395554494905,6595.05,28.1,28.1,1.7,11.579419300924007,5.555650501112577,36.2044578528456,17.337356232848283,205.4,219.1,49767.3
0.1,0.05,2,0.01,False,True,0.0,1,0.1,3157.7,1938.7149982512758,3208.3,12.0,12.0,1.5,10.042669895993026,5.5233732165798335,32.72201635226191,17.426441474573828,110.3,177.8,49821.1
0.2,0.05,2,0.01,False,True,1.0,1,0.1,2974.4,1959.5362801778724,3025.0,10.4,10.4,1.7,9.606966650173367,5.5137367713494125,31.712553931746,17.78843824373827,112.7,181.4,49834.4
0.1,0.05,2,0.01,False,True,0.5,1,0.1,3149.2,1939.161362261761,3199.8,12.1,12.1,1.4,10.008352787922357,5.482672240589097,32.62356164261492,17.309176538703788,110.1,177.3,49821.1
0.1,0.05,2,0.01,False,True,1.0,1,0.1,3149.2,1939.161362261761,3199.8,12.1,12.1,1.4,10.008352787922357,5.482672240589097,32.62356164261492,17.309176538703788,110.1,177.3,49821.1
0.3,0.01,2,0.01,False,True,1.0,1,0.1,3150.3,1938.442261198409,3200.9,12.1,12.1,1.4,9.99860804287787,5.481267142646005,32.59892413912564,17.30507379607812,110.1,177.3,49821.1
0.2,0.05,2,0.01,False,True,0.0,1,0.1,3137.65,1834.6377791148736,3188.25,12.9,12.9,1.7,10.141608033608447,5.453147860536322,32.74939639646105,16.79175704656038,106.1,168.3,49815.9
0.1,0.2,2,0.01,False,True,0.5,1,0.1,3287.05,1378.9138126720532,3287.05,12.3,12.3,1.4,10.076315272504388,5.4354076160843166,31.937955842000072,17.323913749761495,104.1,162.7,49823.8
0.1,0.1,2,0.01,False,True,0.5,1,0.1,3015.4,1951.730013204809,3066.0,11.0,11.4,1.6,9.716975442728748,5.412029834821245,31.93502937401345,17.240062717747637,108.7,173.6,49843.1
0.3,0.01,2,0.01,False,True,0.5,1,0.1,3074.9,1846.056710336326,3125.5,12.2,12.2,1.5,9.976783803897652,5.398670683118913,32.47486743797969,17.007516624440722,112.2,181.4,49819.3
0.2,0.5,2,0.05,False,True,0.5,1,0.1,3136.35,2293.1184861813545,3480.55,8.2,9.6,2.0,8.457235886012967,5.385855146051228,26.062591366371493,16.71277390010829,638.9,1056.0,49179.1
0.1,0.1,2,0.01,False,True,1.0,1,0.1,3020.8,1953.5917803994887,3071.4,11.2,11.6,1.7,9.687341764540948,5.371703831172376,31.837500694698473,17.088251632025464,108.1,172.4,49841.9
0.2,0.05,2,0.01,False,True,0.5,1,0.1,2935.45,1934.1762307676793,2986.05,11.5,11.5,1.8,9.48856511941271,5.3281548233602525,31.255556900643082,16.765508110472986,109.5,174.5,49820.2
0.3,0.2,2,0.01,False,True,0.5,1,0.1,3523.45,2335.3301271507157,3523.45,12.6,12.6,1.4,9.519368246003994,5.324140366023453,31.056088887001852,17.415844119613787,111.4,173.0,49734.4
0.2,0.2,2,0.01,False,True,0.0,1,0.1,3109.75,1491.8054730575445,3109.75,13.1,13.1,1.6,9.926252239575431,5.292009366702437,32.12331041893928,16.43084355681286,109.3,171.7,49811.6
0.3,0.2,2,0.01,False,True,0.0,1,0.1,3109.75,1491.8054730575445,3109.75,13.1,13.1,1.6,9.926252239575431,5.292009366702437,32.12331041893928,16.43084355681286,109.3,171.7,49811.6
0.1,0.01,2,0.01,False,True,0.0,1,0.1,3087.95,1881.1937175043345,3138.55,12.6,12.6,1.6,9.516413815532465,5.283599367188484,30.74575883846276,16.308572810290002,108.2,173.8,49792.3
0.1,0.01,2,0.01,False,True,0.5,1,0.1,3089.05,1880.587976168919,3139.65,12.6,12.6,1.6,9.506538162150349,5.281384520540783,30.70734906328782,16.30048332886321,108.2,173.8,49792.3
0.1,0.01,2,0.01,False,True,1.0,1,0.1,3089.05,1880.587976168919,3139.65,12.6,12.6,1.6,9.506538162150349,5.281384520540783,30.70734906328782,16.30048332886321,108.2,173.8,49792.3
0.2,0.01,2,0.01,False,True,0.0,1,0.1,3080.85,1885.821042086915,3131.45,13.0,13.0,1.6,9.715199192975394,5.248750173298257,31.34370824243859,16.212424354297614,108.2,173.6,49797.7
0.2,0.01,2,0.01,False,True,0.5,1,0.1,3080.85,1885.821042086915,3131.45,13.0,13.0,1.6,9.715199192975394,5.248750173298257,31.34370824243859,16.212424354297614,108.2,173.6,49797.7
0.2,0.01,2,0.01,False,True,1.0,1,0.1,3081.95,1885.1893280988459,3132.55,13.0,13.0,1.6,9.70678139594261,5.2479683960962245,31.322129596186134,16.20944113640388,108.2,173.6,49797.7
0.3,0.01,2,0.01,False,True,0.0,1,0.1,2955.05,1796.6109213677228,3005.65,12.6,12.6,1.6,9.583173930073318,5.1796363652874255,30.869704615595413,16.003136579075115,111.2,179.8,49812.1
0.3,0.5,1,0.02,False,True,0.5,1,0.1,5781.8,2122.2605767331106,5781.8,27.0,27.0,1.9,11.203744021323553,5.150502508673432,34.89299968885323,16.23624672508502,209.4,221.4,49730.5
0.3,0.1,1,0.02,False,True,1.0,1,0.1,5915.1,1531.7069055287452,5915.1,29.1,29.1,1.4,11.664714537386722,5.1217813672910815,36.57771816840045,16.11788077691852,203.2,213.3,49761.5
0.2,0.5,2,0.01,False,True,1.0,1,0.1,3318.7,1705.784882881387,3318.7,14.1,14.1,1.9,9.94291593490758,5.035467900726137,32.632117745132994,16.495190327225608,113.8,179.7,49789.1
0.2,0.5,2,0.01,False,True,0.5,1,0.1,3086.7,1614.8668194140482,3086.7,12.4,12.4,1.4,9.372272959322208,5.010973045405444,30.33042702181632,16.304259654319427,107.9,171.4,49849.9
0.1,0.2,1,0.02,False,True,0.5,1,0.1,-22598.15,91794.7944390851,34153.45,26.6,26.6,1.6,10.472592389903067,4.979206751252601,-0.779318967197533,-0.7743064796694729,202.3,214.6,49800.4
0.3,0.5,2,0.01,False,True,1.0,1,0.1,3382.4,1934.6235608567943,3586.4,11.8,13.0,1.8,9.294669499920342,4.973305936901258,31.66655545882041,17.034638106512205,121.0,187.4,49807.9
0.1,0.5,2,0.01,False,True,0.0,1,0.1,2861.1,1711.5486619498208,2902.7,12.9,12.9,1.7,9.242857301625609,4.963826400308214,31.055303668733234,15.613785385027006,107.4,168.7,49886.0
0.2,0.5,2,0.01,False,True,0.0,1,0.1,2861.1,1711.5486619498208,2902.7,12.9,12.9,1.7,9.242857301625609,4.963826400308214,31.055303668733234,15.613785385027006,107.4,168.7,49886.0
0.3,0.5,2,0.01,False,True,0.0,1,0.1,2861.1,1711.5486619498208,2902.7,12.9,12.9,1.7,9.242857301625609,4.963826400308214,31.055303668733234,15.613785385027006,107.4,168.7,49886.0
0.1,0.2,2,0.01,False,True,1.0,1,0.1,2912.25,1748.7770210762847,2919.85,13.2,13.2,1.7,9.00473939858861,4.848800587728362,28.733953316726346,14.971647708946296,103.0,163.2,49815.2
0.1,0.2,2,0.01,False,True,0.0,1,0.1,3231.5,1488.3853107758532,3231.5,14.5,14.5,1.7,9.570569115086428,4.840611148115668,31.4102492602849,15.747427994756325,108.9,172.3,49802.4
0.3,0.1,2,0.01,False,True,0.0,1,0.1,3231.5,1488.3853107758532,3231.5,14.5,14.5,1.7,9.570569115086428,4.840611148115668,31.4102492602849,15.747427994756325,108.9,172.3,49802.4
0.3,0.1,2,0.01,False,True,1.0,1,0.1,2965.2,2268.4275415166144,3388.6,9.5,10.1,2.0,8.83596259584509,4.840109292775367,29.86707751586405,17.383343077328497,110.3,172.1,49831.3
0.3,0.2,1,0.02,False,True,0.5,1,0.1,6108.6,3288.655828078632,6108.6,28.7,28.7,1.6,10.623554259575467,4.77784294447178,34.414031523355945,16.079148099406645,208.1,221.1,49736.9
0.1,0.2,1,0.02,False,True,1.0,1,0.1,5446.8,2651.209568815294,5446.8,29.1,29.1,1.4,11.217787720690932,4.752327258128217,34.46126977764055,14.992106746215144,204.7,213.5,49751.2
0.1,0.1,2,0.01,False,True,0.0,1,0.1,2948.45,1711.6119181442193,2999.05,14.6,14.6,1.6,9.326512379493439,4.737271096928982,30.479468650788515,14.756523723302607,110.1,173.6,49838.7
0.3,0.05,2,0.01,False,True,0.0,1,0.1,2948.45,1711.6119181442193,2999.05,14.6,14.6,1.6,9.326512379493439,4.737271096928982,30.479468650788515,14.756523723302607,110.1,173.6,49838.7
0.3,0.05,2,0.01,False,True,0.5,1,0.1,2948.45,1711.6119181442193,2999.05,14.6,14.6,1.6,9.326512379493439,4.737271096928982,30.479468650788515,14.756523723302607,110.1,173.6,49838.7
0.2,0.1,2,0.01,False,True,0.0,1,0.1,2747.05,2130.860395474091,3020.55,12.2,12.2,1.4,8.023880615704051,4.593099540651978,27.241723288491826,14.691691008697443,111.3,173.2,49852.9
0.1,0.5,2,0.01,False,True,0.5,1,0.1,3194.95,2105.057909601961,3511.55,13.5,13.5,1.2,9.073693355020051,4.563138763536404,31.070758049979958,16.122266436694265,111.5,173.5,49876.9
0.2,0.2,2,0.01,False,True,0.5,1,0.1,-13241.1,52070.32068526817,19028.5,12.2,12.2,1.7,8.350191626368469,4.457739055822556,-0.7988340003516937,-0.7947056958337732,107.4,168.0,49813.4
0.2,0.1,2,0.01,False,True,0.5,1,0.1,3020.55,2656.1212891691857,3664.85,10.3,11.9,1.5,7.632572995315657,4.436882704765068,28.04584044396275,15.756660743333502,113.8,175.7,49826.3
0.3,0.5,2,0.01,False,True,0.5,1,0.1,2877.95,1884.9620457422714,2877.95,14.5,14.5,1.6,9.131667131785884,4.411831335507392,29.199315288939914,14.32279718005352,109.5,171.7,49846.2
0.3,0.1,2,0.01,False,True,0.5,1,0.1,2645.95,2147.0064230354683,3193.55,10.5,11.7,1.7,7.849310385461145,4.196711562834418,27.00695888415635,14.654637664616711,102.7,165.1,49818.1
0.2,0.2,2,0.01,False,True,1.0,1,0.1,3155.5,2650.644491858956,3805.9,13.7,13.7,1.8,7.828402496993698,4.170912060605024,29.047094149360596,15.368908928827189,103.6,160.5,49803.6
0.2,0.1,2,0.01,False,True,1.0,1,0.1,-10840.95,43339.851919611916,16868.95,11.2,12.8,1.2,6.659049393496407,3.611507603847463,-0.8033642598760202,-0.7980226367444899,106.1,169.6,49797.3
0.3,0.05,1,0.01,False,True,1.0,1,0.1,3478.3,2282.1044527657655,3533.8,21.9,21.9,1.5,8.180504975433122,3.5152056654460293,27.28972074773501,12.32768015949679,90.6,95.7,49896.1
0.1,0.1,1,0.01,False,True,0.0,1,0.1,3516.2,2233.320835785928,3523.2,24.0,24.0,1.4,8.378753579331827,3.4227717785753184,27.663796630499267,11.851704958248542,82.9,87.4,49925.0
0.3,0.05,1,0.01,False,True,0.0,1,0.1,3516.2,2233.320835785928,3523.2,24.0,24.0,1.4,8.378753579331827,3.4227717785753184,27.663796630499267,11.851704958248542,82.9,87.4,49925.0
0.3,0.05,1,0.01,False,True,0.5,1,0.1,3516.2,2233.320835785928,3523.2,24.0,24.0,1.4,8.378753579331827,3.4227717785753184,27.663796630499267,11.851704958248542,82.9,87.4,49925.0
0.1,0.1,1,0.01,False,True,1.0,1,0.1,3409.9,2231.638969208256,3465.4,22.6,22.6,1.6,8.122153740136952,3.396922781031702,27.24284994074073,11.97102394389265,83.3,88.0,49920.7
0.2,0.01,1,0.01,False,True,0.0,1,0.1,3480.9,2164.691635725,3510.0,23.2,23.2,1.4,8.263913845366078,3.374799020045568,27.608400037166078,12.003518504704248,83.0,86.6,49914.7
0.2,0.01,1,0.01,False,True,0.5,1,0.1,3480.9,2164.691635725,3510.0,23.2,23.2,1.4,8.263913845366078,3.374799020045568,27.608400037166078,12.003518504704248,83.0,86.6,49914.7
0.1,0.1,1,0.01,False,True,0.5,1,0.1,3442.8,2185.9798362392194,3449.8,23.8,23.8,1.5,8.359039620991492,3.369634775507362,27.45465831761549,11.727490023374227,83.0,87.6,49926.2
0.2,0.05,1,0.01,False,True,0.5,1,0.1,3296.55,1985.0756135892323,3325.65,22.9,22.9,1.3,8.19189008434891,3.3008689354100875,27.185313119237147,11.646776491549518,82.0,85.9,49910.1
0.2,0.05,1,0.01,False,True,1.0,1,0.1,3296.55,1985.0756135892323,3325.65,22.9,22.9,1.3,8.19189008434891,3.3008689354100875,27.185313119237147,11.646776491549518,82.0,85.9,49910.1
0.1,0.01,1,0.01,False,True,0.0,1,0.1,3311.75,1956.762891586226,3340.85,22.8,22.8,1.4,7.87218221985152,3.2629325161170892,26.230323545116587,11.525080453292988,82.7,86.6,49922.3
0.1,0.01,1,0.01,False,True,0.5,1,0.1,3311.75,1956.762891586226,3340.85,22.8,22.8,1.4,7.866793609357573,3.2620314824557286,26.204035188335485,11.520002506358166,82.7,86.6,49922.3
0.1,0.01,1,0.01,False,True,1.0,1,0.1,3311.75,1956.762891586226,3340.85,22.8,22.8,1.4,7.866793609357573,3.2620314824557286,26.204035188335485,11.520002506358166,82.7,86.6,49922.3
0.3,0.1,1,0.01,False,True,0.5,1,0.1,3094.25,1473.7340754016648,3094.25,24.0,24.0,1.4,8.435203246925914,3.2517113788283343,27.140781461932285,10.911699467713708,86.1,88.6,49916.8
0.2,0.01,1,0.01,False,True,1.0,1,0.1,3230.8,1926.7490063143493,3259.9,22.7,22.7,1.4,8.011143611097392,3.2502785134015357,26.68936660174582,11.47950986249367,81.9,85.7,49922.4
0.1,0.05,1,0.01,False,True,0.0,1,0.1,3209.9,1923.5966573063074,3239.0,22.8,22.8,1.3,8.059864452590851,3.238975776483303,26.722441143240857,11.414743603665073,82.1,85.6,49917.0
0.1,0.05,1,0.01,False,True,0.5,1,0.1,3209.9,1923.5966573063074,3239.0,22.8,22.8,1.3,8.057646612992897,3.2386525120018264,26.71296383236477,11.413013972781947,82.1,85.6,49917.0
0.1,0.05,1,0.01,False,True,1.0,1,0.1,3209.9,1923.5966573063074,3239.0,22.8,22.8,1.3,8.057646612992897,3.2386525120018264,26.71296383236477,11.413013972781947,82.1,85.6,49917.0
0.3,0.01,1,0.01,False,True,0.0,1,0.1,3209.9,1923.5966573063074,3239.0,22.8,22.8,1.3,8.044473606196183,3.236653108019023,26.690790837814877,11.408964603222067,82.1,85.6,49917.0
0.3,0.01,1,0.01,False,True,0.5,1,0.1,3209.9,1923.5966573063074,3239.0,22.8,22.8,1.3,8.044473606196183,3.236653108019023,26.690790837814877,11.408964603222067,82.1,85.6,49917.0
0.3,0.01,1,0.01,False,True,1.0,1,0.1,3209.9,1923.5966573063074,3239.0,22.8,22.8,1.3,8.041725695785166,3.2362511219540147,26.678987794163024,11.406807486886345,82.1,85.6,49917.0
0.2,0.05,1,0.01,False,True,0.0,1,0.1,3212.55,1923.2025006050021,3241.65,22.9,22.9,1.3,8.088343678182817,3.234240590176976,26.787763946040855,11.40338339486404,82.2,85.7,49917.0
0.1,0.5,1,0.01,False,True,0.5,1,0.1,3001.65,2087.569919654057,3001.65,21.9,21.9,1.4,7.781543948131414,3.191867139089471,26.403057839823003,11.182254519976954,84.8,87.5,49927.5
0.3,0.5,1,0.01,False,True,0.5,1,0.1,3273.4,2376.99351188756,3337.3,22.5,22.5,1.5,7.524619703918925,3.1278184715926387,25.97248142282595,11.486249600996715,84.3,88.9,49906.9
0.3,0.2,1,0.01,False,True,0.5,1,0.1,2981.4,2298.655595004272,3034.0,21.9,21.9,1.6,7.503279154769685,3.069673467983408,25.64237505298711,11.006097622751112,88.6,92.1,49846.0
0.3,0.1,1,0.01,False,True,1.0,1,0.1,2790.25,1671.7855599129134,2793.05,22.5,22.5,1.6,7.550794290669525,3.0233678948862224,25.033873657389623,10.319247649120861,83.4,85.9,49896.2
0.2,0.5,1,0.01,False,True,0.5,1,0.1,3086.7,2395.68924436279,3107.3,23.4,23.4,1.7,7.533886063030043,2.9907504661945357,25.505525635865702,10.778752366345987,88.7,93.6,49930.6
0.2,0.1,1,0.01,False,True,0.5,1,0.1,2818.75,2115.5084002826998,2830.15,21.8,21.8,1.5,7.234047940524833,2.96161315875299,24.80409858717017,10.531876457482738,84.3,88.0,49902.8
0.2,0.2,1,0.01,False,True,1.0,1,0.1,2630.55,1796.8824769892747,2725.15,19.9,19.9,1.6,7.344620147254981,2.9597848538480527,25.49855528466774,10.79088557551392,81.9,83.7,49926.3
0.2,0.5,1,0.01,False,True,1.0,1,0.1,3035.9,2280.3803995532558,3118.7,23.2,23.2,1.6,6.849372382591777,2.852386459468192,24.8017585762902,10.603170543347773,86.0,90.0,49917.5
0.1,0.5,1,0.01,False,True,0.0,1,0.1,3164.25,2498.2845920306554,3453.55,20.9,21.9,1.5,6.780414357633169,2.7574837839153545,24.888490389050485,11.22834665142135,88.1,92.3,49881.0
0.2,0.5,1,0.01,False,True,0.0,1,0.1,3164.25,2498.2845920306554,3453.55,20.9,21.9,1.5,6.780414357633169,2.7574837839153545,24.888490389050485,11.22834665142135,88.1,92.3,49881.0
0.3,0.5,1,0.01,False,True,0.0,1,0.1,3164.25,2498.2845920306554,3453.55,20.9,21.9,1.5,6.780414357633169,2.7574837839153545,24.888490389050485,11.22834665142135,88.1,92.3,49881.0
0.3,0.2,1,0.01,False,True,1.0,1,0.1,2819.75,2093.1986852927057,2858.15,22.3,22.3,1.8,6.391177681001492,2.6163462202147367,23.445516737249516,10.150225285505654,88.2,91.5,49904.1
0.3,0.5,1,0.01,False,True,1.0,1,0.1,2771.05,2313.663670578668,2888.35,23.7,23.7,1.4,6.466879796969646,2.5824090535968516,23.697223422470984,9.744693353288818,87.1,90.3,49907.6
0.2,0.1,1,0.01,False,True,0.0,1,0.1,2387.5,1876.4877949095337,2398.9,21.3,21.3,1.5,6.432161156334281,2.5733692539108777,22.942660940639545,9.378550777052444,85.1,88.3,49928.8
0.2,0.2,1,0.01,False,True,0.0,1,0.1,2732.25,2102.211431511535,3045.15,23.4,23.4,1.5,6.395043808774169,2.503330562280797,21.873016573372105,9.41563268908435,82.4,84.8,49882.3
0.3,0.2,1,0.01,False,True,0.0,1,0.1,2732.25,2102.211431511535,3045.15,23.4,23.4,1.5,6.395043808774169,2.503330562280797,21.873016573372105,9.41563268908435,82.4,84.8,49882.3
0.2,0.1,1,0.01,False,True,1.0,1,0.1,3014.3,1953.6849256952587,3183.4,22.6,22.8,1.8,7.022695237287515,2.501321509485035,25.498850477698554,10.792644574749897,78.8,82.4,49912.3
0.1,0.5,1,0.01,False,True,1.0,1,0.1,2596.65,2225.8468806526453,2739.85,20.0,20.0,1.7,6.155438837338792,2.352735714227455,24.042269631182442,10.415600377610685,86.6,89.6,49914.5
0.2,0.2,1,0.01,False,True,0.5,1,0.1,2956.35,2382.7394021028263,3322.55,23.0,23.4,1.4,7.054009643373197,2.3493055397818416,24.784041443527123,10.387226591895589,78.6,81.0,49919.4
0.1,0.2,1,0.01,False,True,1.0,1,0.1,2610.0,2504.836044756445,3040.4,22.8,24.0,1.6,6.27511787709864,2.171666722818328,21.93460934778919,9.043586916939649,80.0,82.4,49945.0
0.1,0.2,1,0.01,False,True,0.5,1,0.1,2477.35,2249.110664363929,2767.65,21.3,21.3,1.3,6.527477536811042,2.027327050366649,22.667822717000334,9.5364132540325,85.8,87.7,49917.0
0.1,0.2,1,0.01,False,True,0.0,1,0.1,-36534.95,121913.35107850848,40264.65,21.4,21.8,1.2,4.755682814250432,1.660342676989356,-0.9393671360290551,-0.9356615729579023,81.1,83.2,49923.4
0.3,0.1,1,0.01,False,True,0.0,1,0.1,-36534.95,121913.35107850848,40264.65,21.4,21.8,1.2,4.755682814250432,1.660342676989356,-0.9393671360290551,-0.9356615729579023,81.1,83.2,49923.4
0.2,0.5,1,0.01,True,True,0.5,1,0.1,-3567.65,1739.5100691158864,3567.65,-42.4,42.4,1.3,-6.698750055656192,-2.352369144008171,-20.993453022201823,-7.596585951700678,148.8,162.2,49961.4
0.3,0.5,1,0.01,True,True,0.5,1,0.1,-3567.65,1739.5100691158864,3567.65,-42.4,42.4,1.3,-6.698750055656192,-2.352369144008171,-20.993453022201823,-7.596585951700678,148.8,162.2,49961.4
0.1,0.5,1,0.01,True,True,0.0,1,0.1,-3665.7,1873.7938075821824,3665.7,-43.3,43.3,1.3,-6.774804284889072,-2.3721628825960064,-21.26846958430146,-7.66191776785522,148.3,161.1,49967.4
0.1,0.2,1,0.01,True,True,0.0,1,0.1,-3665.7,1873.7938075821824,3665.7,-43.3,43.3,1.3,-6.774804284889072,-2.3721628825960064,-21.26846958430146,-7.66191776785522,148.3,161.1,49967.4
0.1,0.2,1,0.01,True,True,0.5,1,0.1,-3665.7,1873.7938075821824,3665.7,-43.3,43.3,1.3,-6.774804284889072,-2.3721628825960064,-21.26846958430146,-7.66191776785522,148.3,161.1,49967.4
0.1,0.1,1,0.01,True,True,0.0,1,0.1,-3665.7,1873.7938075821824,3665.7,-43.3,43.3,1.3,-6.774804284889072,-2.3721628825960064,-21.26846958430146,-7.66191776785522,148.3,161.1,49967.4
0.1,0.1,1,0.01,True,True,0.5,1,0.1,-3665.7,1873.7938075821824,3665.7,-43.3,43.3,1.3,-6.774804284889072,-2.3721628825960064,-21.26846958430146,-7.66191776785522,148.3,161.1,49967.4
0.1,0.1,1,0.01,True,True,1.0,1,0.1,-3665.7,1873.7938075821824,3665.7,-43.3,43.3,1.3,-6.774804284889072,-2.3721628825960064,-21.26846958430146,-7.66191776785522,148.3,161.1,49967.4
0.1,0.05,1,0.01,True,True,0.0,1,0.1,-3665.7,1873.7938075821824,3665.7,-43.3,43.3,1.3,-6.774804284889072,-2.3721628825960064,-21.26846958430146,-7.66191776785522,148.3,161.1,49967.4
0.1,0.05,1,0.01,True,True,0.5,1,0.1,-3665.7,1873.7938075821824,3665.7,-43.3,43.3,1.3,-6.774804284889072,-2.3721628825960064,-21.26846958430146,-7.66191776785522,148.3,161.1,49967.4
0.1,0.05,1,0.01,True,True,1.0,1,0.1,-3665.7,1873.7938075821824,3665.7,-43.3,43.3,1.3,-6.774804284889072,-2.3721628825960064,-21.26846958430146,-7.66191776785522,148.3,161.1,49967.4
0.1,0.01,1,0.01,True,True,0.0,1,0.1,-3665.7,1873.7938075821824,3665.7,-43.3,43.3,1.3,-6.774804284889072,-2.3721628825960064,-21.26846958430146,-7.66191776785522,148.3,161.1,49967.4
0.1,0.01,1,0.01,True,True,0.5,1,0.1,-3665.7,1873.7938075821824,3665.7,-43.3,43.3,1.3,-6.774804284889072,-2.3721628825960064,-21.26846958430146,-7.66191776785522,148.3,161.1,49967.4
0.1,0.01,1,0.01,True,True,1.0,1,0.1,-3665.7,1873.7938075821824,3665.7,-43.3,43.3,1.3,-6.774804284889072,-2.3721628825960064,-21.26846958430146,-7.66191776785522,148.3,161.1,49967.4
0.2,0.5,1,0.01,True,True,0.0,1,0.1,-3665.7,1873.7938075821824,3665.7,-43.3,43.3,1.3,-6.774804284889072,-2.3721628825960064,-21.26846958430146,-7.66191776785522,148.3,161.1,49967.4
0.2,0.2,1,0.01,True,True,0.0,1,0.1,-3665.7,1873.7938075821824,3665.7,-43.3,43.3,1.3,-6.774804284889072,-2.3721628825960064,-21.26846958430146,-7.66191776785522,148.3,161.1,49967.4
0.2,0.2,1,0.01,True,True,0.5,1,0.1,-3665.7,1873.7938075821824,3665.7,-43.3,43.3,1.3,-6.774804284889072,-2.3721628825960064,-21.26846958430146,-7.66191776785522,148.3,161.1,49967.4
0.2,0.1,1,0.01,True,True,0.0,1,0.1,-3665.7,1873.7938075821824,3665.7,-43.3,43.3,1.3,-6.774804284889072,-2.3721628825960064,-21.26846958430146,-7.66191776785522,148.3,161.1,49967.4
0.2,0.1,1,0.01,True,True,0.5,1,0.1,-3665.7,1873.7938075821824,3665.7,-43.3,43.3,1.3,-6.774804284889072,-2.3721628825960064,-21.26846958430146,-7.66191776785522,148.3,161.1,49967.4
0.2,0.1,1,0.01,True,True,1.0,1,0.1,-3665.7,1873.7938075821824,3665.7,-43.3,43.3,1.3,-6.774804284889072,-2.3721628825960064,-21.26846958430146,-7.66191776785522,148.3,161.1,49967.4
0.2,0.05,1,0.01,True,True,0.0,1,0.1,-3665.7,1873.7938075821824,3665.7,-43.3,43.3,1.3,-6.774804284889072,-2.3721628825960064,-21.26846958430146,-7.66191776785522,148.3,161.1,49967.4
0.2,0.05,1,0.01,True,True,0.5,1,0.1,-3665.7,1873.7938075821824,3665.7,-43.3,43.3,1.3,-6.774804284889072,-2.3721628825960064,-21.26846958430146,-7.66191776785522,148.3,161.1,49967.4
0.2,0.05,1,0.01,True,True,1.0,1,0.1,-3665.7,1873.7938075821824,3665.7,-43.3,43.3,1.3,-6.774804284889072,-2.3721628825960064,-21.26846958430146,-7.66191776785522,148.3,161.1,49967.4
0.2,0.01,1,0.01,True,True,0.0,1,0.1,-3665.7,1873.7938075821824,3665.7,-43.3,43.3,1.3,-6.774804284889072,-2.3721628825960064,-21.26846958430146,-7.66191776785522,148.3,161.1,49967.4
0.2,0.01,1,0.01,True,True,0.5,1,0.1,-3665.7,1873.7938075821824,3665.7,-43.3,43.3,1.3,-6.774804284889072,-2.3721628825960064,-21.26846958430146,-7.66191776785522,148.3,161.1,49967.4
0.2,0.01,1,0.01,True,True,1.0,1,0.1,-3665.7,1873.7938075821824,3665.7,-43.3,43.3,1.3,-6.774804284889072,-2.3721628825960064,-21.26846958430146,-7.66191776785522,148.3,161.1,49967.4
0.3,0.5,1,0.01,True,True,0.0,1,0.1,-3665.7,1873.7938075821824,3665.7,-43.3,43.3,1.3,-6.774804284889072,-2.3721628825960064,-21.26846958430146,-7.66191776785522,148.3,161.1,49967.4
0.3,0.2,1,0.01,True,True,0.0,1,0.1,-3665.7,1873.7938075821824,3665.7,-43.3,43.3,1.3,-6.774804284889072,-2.3721628825960064,-21.26846958430146,-7.66191776785522,148.3,161.1,49967.4
0.3,0.2,1,0.01,True,True,0.5,1,0.1,-3665.7,1873.7938075821824,3665.7,-43.3,43.3,1.3,-6.774804284889072,-2.3721628825960064,-21.26846958430146,-7.66191776785522,148.3,161.1,49967.4
0.3,0.1,1,0.01,True,True,0.0,1,0.1,-3665.7,1873.7938075821824,3665.7,-43.3,43.3,1.3,-6.774804284889072,-2.3721628825960064,-21.26846958430146,-7.66191776785522,148.3,161.1,49967.4
0.3,0.1,1,0.01,True,True,0.5,1,0.1,-3665.7,1873.7938075821824,3665.7,-43.3,43.3,1.3,-6.774804284889072,-2.3721628825960064,-21.26846958430146,-7.66191776785522,148.3,161.1,49967.4
0.3,0.1,1,0.01,True,True,1.0,1,0.1,-3665.7,1873.7938075821824,3665.7,-43.3,43.3,1.3,-6.774804284889072,-2.3721628825960064,-21.26846958430146,-7.66191776785522,148.3,161.1,49967.4
0.3,0.05,1,0.01,True,True,0.0,1,0.1,-3665.7,1873.7938075821824,3665.7,-43.3,43.3,1.3,-6.774804284889072,-2.3721628825960064,-21.26846958430146,-7.66191776785522,148.3,161.1,49967.4
0.3,0.05,1,0.01,True,True,0.5,1,0.1,-3665.7,1873.7938075821824,3665.7,-43.3,43.3,1.3,-6.774804284889072,-2.3721628825960064,-21.26846958430146,-7.66191776785522,148.3,161.1,49967.4
0.3,0.05,1,0.01,True,True,1.0,1,0.1,-3665.7,1873.7938075821824,3665.7,-43.3,43.3,1.3,-6.774804284889072,-2.3721628825960064,-21.26846958430146,-7.66191776785522,148.3,161.1,49967.4
0.3,0.01,1,0.01,True,True,0.0,1,0.1,-3665.7,1873.7938075821824,3665.7,-43.3,43.3,1.3,-6.774804284889072,-2.3721628825960064,-21.26846958430146,-7.66191776785522,148.3,161.1,49967.4
0.3,0.01,1,0.01,True,True,0.5,1,0.1,-3665.7,1873.7938075821824,3665.7,-43.3,43.3,1.3,-6.774804284889072,-2.3721628825960064,-21.26846958430146,-7.66191776785522,148.3,161.1,49967.4
0.3,0.01,1,0.01,True,True,1.0,1,0.1,-3665.7,1873.7938075821824,3665.7,-43.3,43.3,1.3,-6.774804284889072,-2.3721628825960064,-21.26846958430146,-7.66191776785522,148.3,161.1,49967.4
0.1,0.5,1,0.01,True,True,0.5,1,0.1,-3603.5,1807.8867190421222,3603.5,-42.3,42.3,1.3,-6.751758268019578,-2.3742317768316075,-21.237687339309474,-7.688853127117546,149.8,163.5,49961.4
0.2,0.2,1,0.01,True,True,1.0,1,0.1,-3603.5,1807.8867190421222,3603.5,-42.3,42.3,1.3,-6.751758268019578,-2.3742317768316075,-21.237687339309474,-7.688853127117546,149.8,163.5,49961.4
0.3,0.2,1,0.01,True,True,1.0,1,0.1,-3603.5,1807.8867190421222,3603.5,-42.3,42.3,1.3,-6.751758268019578,-2.3742317768316075,-21.237687339309474,-7.688853127117546,149.8,163.5,49961.4
0.1,0.2,1,0.01,True,True,1.0,1,0.1,-3676.45,1892.8532761416031,3676.45,-42.2,42.2,1.3,-6.765831795921843,-2.4043437629507953,-21.18348172143956,-7.79196984938777,149.5,163.2,49957.7
0.1,0.5,1,0.01,True,True,1.0,1,0.1,-3556.05,1586.0520947378184,3556.05,-38.5,38.5,1.2,-6.8989243542078516,-2.532931745752154,-21.61834659943046,-8.144237893610354,148.4,164.7,49965.3
0.2,0.5,1,0.01,True,True,1.0,1,0.1,-3532.7,1627.834846932848,3532.7,-36.8,36.8,1.4,-6.965600694512814,-2.6093103576682717,-22.197054095549436,-8.425590185529234,151.3,167.8,49967.4
0.3,0.5,1,0.01,True,True,1.0,1,0.1,-3525.6,1564.04439763639,3525.6,-37.4,37.4,1.5,-7.064039186476588,-2.611435637543532,-22.193955511490863,-8.330446159062504,154.8,172.0,49964.7
0.1,0.5,2,0.01,True,True,1.0,1,0.1,-2669.3,970.1518838706534,2669.3,-26.0,26.0,1.3,-6.847201114717526,-2.771185929878143,-21.474204477656073,-8.664660804978485,153.7,223.8,49954.9
0.1,0.5,2,0.01,True,True,0.0,1,0.1,-2763.55,1195.923247490778,2763.55,-26.2,26.2,1.4,-6.879085289102083,-2.8200852196067956,-21.776447062295627,-8.854484048062766,151.4,220.4,49967.6
0.1,0.2,2,0.01,True,True,0.0,1,0.1,-2763.55,1195.923247490778,2763.55,-26.2,26.2,1.4,-6.879085289102083,-2.8200852196067956,-21.776447062295627,-8.854484048062766,151.4,220.4,49967.6
0.1,0.2,2,0.01,True,True,0.5,1,0.1,-2763.55,1195.923247490778,2763.55,-26.2,26.2,1.4,-6.879085289102083,-2.8200852196067956,-21.776447062295627,-8.854484048062766,151.4,220.4,49967.6
0.1,0.1,2,0.01,True,True,0.0,1,0.1,-2763.55,1195.923247490778,2763.55,-26.2,26.2,1.4,-6.879085289102083,-2.8200852196067956,-21.776447062295627,-8.854484048062766,151.4,220.4,49967.6
0.1,0.1,2,0.01,True,True,0.5,1,0.1,-2763.55,1195.923247490778,2763.55,-26.2,26.2,1.4,-6.879085289102083,-2.8200852196067956,-21.776447062295627,-8.854484048062766,151.4,220.4,49967.6
0.1,0.1,2,0.01,True,True,1.0,1,0.1,-2763.55,1195.923247490778,2763.55,-26.2,26.2,1.4,-6.879085289102083,-2.8200852196067956,-21.776447062295627,-8.854484048062766,151.4,220.4,49967.6
0.1,0.05,2,0.01,True,True,0.0,1,0.1,-2763.55,1195.923247490778,2763.55,-26.2,26.2,1.4,-6.879085289102083,-2.8200852196067956,-21.776447062295627,-8.854484048062766,151.4,220.4,49967.6
0.1,0.05,2,0.01,True,True,0.5,1,0.1,-2763.55,1195.923247490778,2763.55,-26.2,26.2,1.4,-6.879085289102083,-2.8200852196067956,-21.776447062295627,-8.854484048062766,151.4,220.4,49967.6
0.1,0.05,2,0.01,True,True,1.0,1,0.1,-2763.55,1195.923247490778,2763.55,-26.2,26.2,1.4,-6.879085289102083,-2.8200852196067956,-21.776447062295627,-8.854484048062766,151.4,220.4,49967.6
0.1,0.01,2,0.01,True,True,0.0,1,0.1,-2763.55,1195.923247490778,2763.55,-26.2,26.2,1.4,-6.879085289102083,-2.8200852196067956,-21.776447062295627,-8.854484048062766,151.4,220.4,49967.6
0.1,0.01,2,0.01,True,True,0.5,1,0.1,-2763.55,1195.923247490778,2763.55,-26.2,26.2,1.4,-6.879085289102083,-2.8200852196067956,-21.776447062295627,-8.854484048062766,151.4,220.4,49967.6
0.1,0.01,2,0.01,True,True,1.0,1,0.1,-2763.55,1195.923247490778,2763.55,-26.2,26.2,1.4,-6.879085289102083,-2.8200852196067956,-21.776447062295627,-8.854484048062766,151.4,220.4,49967.6
0.2,0.5,2,0.01,True,True,0.0,1,0.1,-2763.55,1195.923247490778,2763.55,-26.2,26.2,1.4,-6.879085289102083,-2.8200852196067956,-21.776447062295627,-8.854484048062766,151.4,220.4,49967.6
0.2,0.2,2,0.01,True,True,0.0,1,0.1,-2763.55,1195.923247490778,2763.55,-26.2,26.2,1.4,-6.879085289102083,-2.8200852196067956,-21.776447062295627,-8.854484048062766,151.4,220.4,49967.6
0.2,0.2,2,0.01,True,True,0.5,1,0.1,-2763.55,1195.923247490778,2763.55,-26.2,26.2,1.4,-6.879085289102083,-2.8200852196067956,-21.776447062295627,-8.854484048062766,151.4,220.4,49967.6
0.2,0.1,2,0.01,True,True,0.0,1,0.1,-2763.55,1195.923247490778,2763.55,-26.2,26.2,1.4,-6.879085289102083,-2.8200852196067956,-21.776447062295627,-8.854484048062766,151.4,220.4,49967.6
0.2,0.1,2,0.01,True,True,0.5,1,0.1,-2763.55,1195.923247490778,2763.55,-26.2,26.2,1.4,-6.879085289102083,-2.8200852196067956,-21.776447062295627,-8.854484048062766,151.4,220.4,49967.6
0.2,0.1,2,0.01,True,True,1.0,1,0.1,-2763.55,1195.923247490778,2763.55,-26.2,26.2,1.4,-6.879085289102083,-2.8200852196067956,-21.776447062295627,-8.854484048062766,151.4,220.4,49967.6
0.2,0.05,2,0.01,True,True,0.0,1,0.1,-2763.55,1195.923247490778,2763.55,-26.2,26.2,1.4,-6.879085289102083,-2.8200852196067956,-21.776447062295627,-8.854484048062766,151.4,220.4,49967.6
0.2,0.05,2,0.01,True,True,0.5,1,0.1,-2763.55,1195.923247490778,2763.55,-26.2,26.2,1.4,-6.879085289102083,-2.8200852196067956,-21.776447062295627,-8.854484048062766,151.4,220.4,49967.6
0.2,0.05,2,0.01,True,True,1.0,1,0.1,-2763.55,1195.923247490778,2763.55,-26.2,26.2,1.4,-6.879085289102083,-2.8200852196067956,-21.776447062295627,-8.854484048062766,151.4,220.4,49967.6
0.2,0.01,2,0.01,True,True,0.0,1,0.1,-2763.55,1195.923247490778,2763.55,-26.2,26.2,1.4,-6.879085289102083,-2.8200852196067956,-21.776447062295627,-8.854484048062766,151.4,220.4,49967.6
0.2,0.01,2,0.01,True,True,0.5,1,0.1,-2763.55,1195.923247490778,2763.55,-26.2,26.2,1.4,-6.879085289102083,-2.8200852196067956,-21.776447062295627,-8.854484048062766,151.4,220.4,49967.6
0.2,0.01,2,0.01,True,True,1.0,1,0.1,-2763.55,1195.923247490778,2763.55,-26.2,26.2,1.4,-6.879085289102083,-2.8200852196067956,-21.776447062295627,-8.854484048062766,151.4,220.4,49967.6
0.3,0.5,2,0.01,True,True,0.0,1,0.1,-2763.55,1195.923247490778,2763.55,-26.2,26.2,1.4,-6.879085289102083,-2.8200852196067956,-21.776447062295627,-8.854484048062766,151.4,220.4,49967.6
0.3,0.2,2,0.01,True,True,0.0,1,0.1,-2763.55,1195.923247490778,2763.55,-26.2,26.2,1.4,-6.879085289102083,-2.8200852196067956,-21.776447062295627,-8.854484048062766,151.4,220.4,49967.6
0.3,0.2,2,0.01,True,True,0.5,1,0.1,-2763.55,1195.923247490778,2763.55,-26.2,26.2,1.4,-6.879085289102083,-2.8200852196067956,-21.776447062295627,-8.854484048062766,151.4,220.4,49967.6
0.3,0.1,2,0.01,True,True,0.0,1,0.1,-2763.55,1195.923247490778,2763.55,-26.2,26.2,1.4,-6.879085289102083,-2.8200852196067956,-21.776447062295627,-8.854484048062766,151.4,220.4,49967.6
0.3,0.1,2,0.01,True,True,0.5,1,0.1,-2763.55,1195.923247490778,2763.55,-26.2,26.2,1.4,-6.879085289102083,-2.8200852196067956,-21.776447062295627,-8.854484048062766,151.4,220.4,49967.6
0.3,0.05,2,0.01,True,True,0.0,1,0.1,-2763.55,1195.923247490778,2763.55,-26.2,26.2,1.4,-6.879085289102083,-2.8200852196067956,-21.776447062295627,-8.854484048062766,151.4,220.4,49967.6
0.3,0.05,2,0.01,True,True,0.5,1,0.1,-2763.55,1195.923247490778,2763.55,-26.2,26.2,1.4,-6.879085289102083,-2.8200852196067956,-21.776447062295627,-8.854484048062766,151.4,220.4,49967.6
0.3,0.05,2,0.01,True,True,1.0,1,0.1,-2763.55,1195.923247490778,2763.55,-26.2,26.2,1.4,-6.879085289102083,-2.8200852196067956,-21.776447062295627,-8.854484048062766,151.4,220.4,49967.6
0.3,0.01,2,0.01,True,True,0.0,1,0.1,-2763.55,1195.923247490778,2763.55,-26.2,26.2,1.4,-6.879085289102083,-2.8200852196067956,-21.776447062295627,-8.854484048062766,151.4,220.4,49967.6
0.3,0.01,2,0.01,True,True,0.5,1,0.1,-2763.55,1195.923247490778,2763.55,-26.2,26.2,1.4,-6.879085289102083,-2.8200852196067956,-21.776447062295627,-8.854484048062766,151.4,220.4,49967.6
0.3,0.01,2,0.01,True,True,1.0,1,0.1,-2763.55,1195.923247490778,2763.55,-26.2,26.2,1.4,-6.879085289102083,-2.8200852196067956,-21.776447062295627,-8.854484048062766,151.4,220.4,49967.6
0.3,0.5,2,0.01,True,True,1.0,1,0.1,-2656.2,1220.2249382798238,2656.2,-22.4,22.4,1.3,-7.043707328923835,-2.9960711506657383,-22.066557991321115,-9.530040487106184,154.7,227.4,49971.3
0.2,0.5,2,0.01,True,True,1.0,1,0.1,-2778.4,931.752315681468,2778.4,-24.3,24.3,1.3,-7.084843635962836,-3.005721613835858,-22.10805569028224,-9.341218521284047,157.1,228.5,49961.5
0.2,0.2,2,0.01,True,True,1.0,1,0.1,-2695.05,972.2825792375841,2695.05,-23.0,23.0,1.4,-6.978021281731989,-3.0290730425840513,-21.861573345733664,-9.428490167927837,151.7,220.8,49956.1
0.3,0.2,2,0.01,True,True,1.0,1,0.1,-2739.15,988.7597464051169,2739.15,-23.3,23.3,1.5,-6.9805972404184145,-3.0325431579743123,-21.851021874917087,-9.444067280897658,151.3,220.3,49956.1
0.3,0.1,2,0.01,True,True,1.0,1,0.1,-2906.45,1123.4263425886995,2906.45,-25.1,25.1,1.5,-7.118907107061133,-3.0399091741619313,-22.46379426049878,-9.47307609997351,151.2,219.1,49968.5
0.1,0.5,2,0.01,True,True,0.5,1,0.1,-2705.0,971.7989618342995,2705.0,-23.1,23.1,1.3,-7.071485493635307,-3.0434481286123516,-22.17085986659692,-9.482188054720863,151.9,222.5,49952.9
0.2,0.5,2,0.01,True,True,0.5,1,0.1,-2681.65,971.414691456629,2681.65,-22.9,22.9,1.4,-7.045261024755114,-3.045919488254885,-22.0771605696754,-9.46514294400448,152.3,222.7,49953.0
0.3,0.5,2,0.01,True,True,0.5,1,0.1,-2681.65,971.414691456629,2681.65,-22.9,22.9,1.4,-7.045261024755114,-3.045919488254885,-22.0771605696754,-9.46514294400448,152.3,222.7,49953.0
0.1,0.2,2,0.01,True,True,1.0,1,0.1,-2925.9,1107.1314736741974,2925.9,-24.8,24.8,1.4,-7.172235396128222,-3.0834297107821897,-22.59652009820116,-9.599668545882059,151.2,219.2,49968.5
0.3,0.2,1,0.02,True,True,0.5,1,0.1,-6466.05,1830.712451630664,6466.05,-34.7,34.7,1.5,-10.353341458186915,-4.6017258114667845,-32.70315259726897,-14.601314049513764,287.1,327.3,49900.1
0.2,0.1,1,0.02,True,True,1.0,1,0.1,-6482.25,1799.4228743004119,6482.25,-34.9,34.9,1.4,-10.387051702933778,-4.602147714139562,-32.77394479852202,-14.5898352903239,287.5,327.9,49891.5
0.1,0.2,1,0.02,True,True,0.5,1,0.1,-6481.45,1800.4124751166205,6481.45,-34.7,34.7,1.4,-10.374279186936837,-4.617499131751516,-32.746535880967755,-14.630075062402188,287.8,327.9,49889.4
0.1,0.1,1,0.02,True,True,1.0,1,0.1,-6481.45,1800.4124751166205,6481.45,-34.7,34.7,1.4,-10.374279186936837,-4.617499131751516,-32.746535880967755,-14.630075062402188,287.8,327.9,49889.4
0.2,0.2,1,0.02,True,True,0.5,1,0.1,-6481.45,1800.4124751166205,6481.45,-34.7,34.7,1.4,-10.374279186936837,-4.617499131751516,-32.746535880967755,-14.630075062402188,287.8,327.9,49889.4
0.3,0.05,1,0.02,True,True,1.0,1,0.1,-6481.45,1800.4124751166205,6481.45,-34.7,34.7,1.4,-10.374279186936837,-4.617499131751516,-32.746535880967755,-14.630075062402188,287.8,327.9,49889.4
0.3,0.1,1,0.02,True,True,1.0,1,0.1,-6522.35,1770.5869875709454,6522.35,-34.9,34.9,1.4,-10.432843842311982,-4.628300590847582,-32.91444531502207,-14.66704125248603,287.7,327.7,49900.1
0.1,0.2,1,0.02,True,True,1.0,1,0.1,-6411.75,1454.9991647573013,6411.75,-34.3,34.3,1.3,-10.409082309583257,-4.6414153162072775,-32.72878216304619,-14.631748854867785,290.1,329.7,49903.1
0.1,0.5,1,0.02,True,True,0.0,1,0.1,-6535.75,1740.3268889940061,6535.75,-34.9,34.9,1.3,-10.478448834029935,-4.6484281868327235,-33.00617038161148,-14.70266117132062,288.7,329.1,49891.5
0.1,0.2,1,0.02,True,True,0.0,1,0.1,-6535.75,1740.3268889940061,6535.75,-34.9,34.9,1.3,-10.478448834029935,-4.6484281868327235,-33.00617038161148,-14.70266117132062,288.7,329.1,49891.5
0.1,0.1,1,0.02,True,True,0.0,1,0.1,-6535.75,1740.3268889940061,6535.75,-34.9,34.9,1.3,-10.478448834029935,-4.6484281868327235,-33.00617038161148,-14.70266117132062,288.7,329.1,49891.5
0.1,0.1,1,0.02,True,True,0.5,1,0.1,-6535.75,1740.3268889940061,6535.75,-34.9,34.9,1.3,-10.478448834029935,-4.6484281868327235,-33.00617038161148,-14.70266117132062,288.7,329.1,49891.5
0.1,0.05,1,0.02,True,True,0.0,1,0.1,-6535.75,1740.3268889940061,6535.75,-34.9,34.9,1.3,-10.478448834029935,-4.6484281868327235,-33.00617038161148,-14.70266117132062,288.7,329.1,49891.5
0.1,0.05,1,0.02,True,True,0.5,1,0.1,-6535.75,1740.3268889940061,6535.75,-34.9,34.9,1.3,-10.478448834029935,-4.6484281868327235,-33.00617038161148,-14.70266117132062,288.7,329.1,49891.5
0.1,0.05,1,0.02,True,True,1.0,1,0.1,-6535.75,1740.3268889940061,6535.75,-34.9,34.9,1.3,-10.478448834029935,-4.6484281868327235,-33.00617038161148,-14.70266117132062,288.7,329.1,49891.5
0.1,0.01,1,0.02,True,True,0.0,1,0.1,-6535.75,1740.3268889940061,6535.75,-34.9,34.9,1.3,-10.478448834029935,-4.6484281868327235,-33.00617038161148,-14.70266117132062,288.7,329.1,49891.5
0.1,0.01,1,0.02,True,True,0.5,1,0.1,-6535.75,1740.3268889940061,6535.75,-34.9,34.9,1.3,-10.478448834029935,-4.6484281868327235,-33.00617038161148,-14.70266117132062,288.7,329.1,49891.5
0.1,0.01,1,0.02,True,True,1.0,1,0.1,-6535.75,1740.3268889940061,6535.75,-34.9,34.9,1.3,-10.478448834029935,-4.6484281868327235,-33.00617038161148,-14.70266117132062,288.7,329.1,49891.5
0.2,0.5,1,0.02,True,True,0.0,1,0.1,-6535.75,1740.3268889940061,6535.75,-34.9,34.9,1.3,-10.478448834029935,-4.6484281868327235,-33.00617038161148,-14.70266117132062,288.7,329.1,49891.5
0.2,0.2,1,0.02,True,True,0.0,1,0.1,-6535.75,1740.3268889940061,6535.75,-34.9,34.9,1.3,-10.478448834029935,-4.6484281868327235,-33.00617038161148,-14.70266117132062,288.7,329.1,49891.5
0.2,0.1,1,0.02,True,True,0.0,1,0.1,-6535.75,1740.3268889940061,6535.75,-34.9,34.9,1.3,-10.478448834029935,-4.6484281868327235,-33.00617038161148,-14.70266117132062,288.7,329.1,49891.5
0.2,0.1,1,0.02,True,True,0.5,1,0.1,-6535.75,1740.3268889940061,6535.75,-34.9,34.9,1.3,-10.478448834029935,-4.6484281868327235,-33.00617038161148,-14.70266117132062,288.7,329.1,49891.5
0.2,0.05,1,0.02,True,True,0.0,1,0.1,-6535.75,1740.3268889940061,6535.75,-34.9,34.9,1.3,-10.478448834029935,-4.6484281868327235,-33.00617038161148,-14.70266117132062,288.7,329.1,49891.5
0.2,0.05,1,0.02,True,True,0.5,1,0.1,-6535.75,1740.3268889940061,6535.75,-34.9,34.9,1.3,-10.478448834029935,-4.6484281868327235,-33.00617038161148,-14.70266117132062,288.7,329.1,49891.5
0.2,0.05,1,0.02,True,True,1.0,1,0.1,-6535.75,1740.3268889940061,6535.75,-34.9,34.9,1.3,-10.478448834029935,-4.6484281868327235,-33.00617038161148,-14.70266117132062,288.7,329.1,49891.5
0.2,0.01,1,0.02,True,True,0.0,1,0.1,-6535.75,1740.3268889940061,6535.75,-34.9,34.9,1.3,-10.478448834029935,-4.6484281868327235,-33.00617038161148,-14.70266117132062,288.7,329.1,49891.5
0.2,0.01,1,0.02,True,True,0.5,1,0.1,-6535.75,1740.3268889940061,6535.75,-34.9,34.9,1.3,-10.478448834029935,-4.6484281868327235,-33.00617038161148,-14.70266117132062,288.7,329.1,49891.5
0.2,0.01,1,0.02,True,True,1.0,1,0.1,-6535.75,1740.3268889940061,6535.75,-34.9,34.9,1.3,-10.478448834029935,-4.6484281868327235,-33.00617038161148,-14.70266117132062,288.7,329.1,49891.5
0.3,0.5,1,0.02,True,True,0.0,1,0.1,-6535.75,1740.3268889940061,6535.75,-34.9,34.9,1.3,-10.478448834029935,-4.6484281868327235,-33.00617038161148,-14.70266117132062,288.7,329.1,49891.5
0.3,0.2,1,0.02,True,True,0.0,1,0.1,-6535.75,1740.3268889940061,6535.75,-34.9,34.9,1.3,-10.478448834029935,-4.6484281868327235,-33.00617038161148,-14.70266117132062,288.7,329.1,49891.5
0.3,0.1,1,0.02,True,True,0.0,1,0.1,-6535.75,1740.3268889940061,6535.75,-34.9,34.9,1.3,-10.478448834029935,-4.6484281868327235,-33.00617038161148,-14.70266117132062,288.7,329.1,49891.5
0.3,0.1,1,0.02,True,True,0.5,1,0.1,-6535.75,1740.3268889940061,6535.75,-34.9,34.9,1.3,-10.478448834029935,-4.6484281868327235,-33.00617038161148,-14.70266117132062,288.7,329.1,49891.5
0.3,0.05,1,0.02,True,True,0.0,1,0.1,-6535.75,1740.3268889940061,6535.75,-34.9,34.9,1.3,-10.478448834029935,-4.6484281868327235,-33.00617038161148,-14.70266117132062,288.7,329.1,49891.5
0.3,0.05,1,0.02,True,True,0.5,1,0.1,-6535.75,1740.3268889940061,6535.75,-34.9,34.9,1.3,-10.478448834029935,-4.6484281868327235,-33.00617038161148,-14.70266117132062,288.7,329.1,49891.5
0.3,0.01,1,0.02,True,True,0.0,1,0.1,-6535.75,1740.3268889940061,6535.75,-34.9,34.9,1.3,-10.478448834029935,-4.6484281868327235,-33.00617038161148,-14.70266117132062,288.7,329.1,49891.5
0.3,0.01,1,0.02,True,True,0.5,1,0.1,-6535.75,1740.3268889940061,6535.75,-34.9,34.9,1.3,-10.478448834029935,-4.6484281868327235,-33.00617038161148,-14.70266117132062,288.7,329.1,49891.5
0.3,0.01,1,0.02,True,True,1.0,1,0.1,-6535.75,1740.3268889940061,6535.75,-34.9,34.9,1.3,-10.478448834029935,-4.6484281868327235,-33.00617038161148,-14.70266117132062,288.7,329.1,49891.5
0.3,0.2,1,0.02,True,True,1.0,1,0.1,-6430.55,1913.2433842097096,6430.55,-33.2,33.2,1.5,-10.463111118414018,-4.738975967238835,-32.73860000521955,-14.923840608398379,296.1,336.0,49876.8
0.2,0.2,1,0.02,True,True,1.0,1,0.1,-6527.9,1796.203013767282,6527.9,-33.4,33.4,1.5,-10.614432636324043,-4.792326346804311,-33.19541137479053,-15.091418872641363,296.6,337.8,49886.9
0.3,0.5,1,0.02,True,True,0.5,1,0.1,-6684.0,1745.5612278003885,6684.0,-33.6,33.6,1.4,-10.836855914651155,-4.884341010703366,-33.95587231469766,-15.396600217350247,297.0,338.4,49869.7
0.1,0.5,1,0.02,True,True,0.5,1,0.1,-6910.8,1772.0464973834316,6910.8,-34.3,34.3,1.4,-10.815768642687456,-4.906793981092976,-33.67524668851324,-15.44427259085029,299.3,342.7,49880.6
0.3,0.5,1,0.02,True,True,1.0,1,0.1,-5919.6,1360.7246802919228,5919.6,-28.8,28.8,1.7,-10.551948570812495,-4.907767834474398,-33.135224492174714,-15.492713282176942,292.4,329.0,49898.3
0.2,0.5,1,0.02,True,True,0.5,1,0.1,-6883.4,1794.3980079990924,6883.4,-33.8,33.8,1.4,-10.717960368887155,-4.92050726303254,-33.4109903999273,-15.478056537529437,297.5,340.4,49872.8
0.2,0.5,1,0.02,True,True,1.0,1,0.1,-6112.85,1447.5694965086211,6112.85,-30.0,30.0,1.4,-10.629299468925682,-4.922865023014526,-33.46768146074466,-15.494611961895103,296.8,336.6,49874.3
0.1,0.5,1,0.02,True,True,1.0,1,0.1,-6466.15,1593.7552274424074,6466.15,-31.2,31.2,1.9,-10.448037884554887,-4.927441470530618,-32.800918705030234,-15.491211846699374,286.9,326.4,49844.7
0.3,0.2,2,0.02,True,True,1.0,1,0.1,-4275.25,1223.6151639483896,4275.25,-17.3,17.3,1.4,-10.676109499128577,-5.464685231450678,-32.612462479850635,-16.881956282682175,313.6,483.1,49854.4
0.1,0.2,2,0.02,True,True,1.0,1,0.1,-4300.15,1190.456986249865,4300.15,-16.1,16.1,1.5,-10.56384458323487,-5.57386526885503,-32.23136821859232,-17.40226069799492,311.4,479.3,49862.8
0.1,0.5,2,0.02,True,True,0.5,1,0.1,-4302.1,1158.3953172864224,4302.1,-16.2,16.2,1.3,-10.627944939321093,-5.574646158783864,-32.49649067611908,-17.433937231665436,310.9,479.2,49849.9
0.2,0.5,2,0.02,True,True,0.5,1,0.1,-4207.4,1148.886799374846,4207.4,-15.6,15.6,1.3,-10.568747254632342,-5.5952619222400735,-32.20575520817541,-17.472943802451557,314.8,486.2,49859.8
0.1,0.5,2,0.02,True,True,1.0,1,0.1,-4105.7,1109.7848940723202,4105.7,-15.6,15.6,1.8,-10.736513658465993,-5.643950779509796,-33.30632045516025,-17.594251527325238,311.0,488.4,49796.3
0.3,0.5,2,0.02,True,True,0.5,1,0.1,-4236.5,1145.014095012711,4236.5,-15.2,15.2,1.3,-10.541529097421394,-5.688524260872446,-32.17846566489923,-17.726778493518243,311.8,483.2,49862.5
0.3,0.5,2,0.02,True,True,1.0,1,0.1,-4029.25,841.0325086199437,4029.25,-15.8,15.8,1.5,-10.979910192621974,-5.722401991464544,-34.7137554011178,-17.69972557563511,305.6,480.4,49866.9
0.3,0.1,2,0.02,True,True,1.0,1,0.1,-4074.4,821.587413351603,4074.4,-14.9,14.9,1.4,-10.84995163171041,-5.731798634935914,-34.06832115305591,-18.122271525502093,316.2,490.9,49880.9
0.2,0.2,2,0.02,True,True,1.0,1,0.1,-4291.1,1243.750216080383,4291.1,-14.8,14.8,1.4,-10.53679789878514,-5.78044090435197,-32.15522012760369,-18.03164865650657,309.9,479.2,49880.3
0.1,0.5,2,0.02,True,True,0.0,1,0.1,-4092.3,820.2949063192659,4092.3,-14.7,14.7,1.4,-10.948323260262423,-5.811679658761102,-34.36477445210876,-18.358884112919416,318.1,495.5,49881.6
0.1,0.2,2,0.02,True,True,0.0,1,0.1,-4092.3,820.2949063192659,4092.3,-14.7,14.7,1.4,-10.948323260262423,-5.811679658761102,-34.36477445210876,-18.358884112919416,318.1,495.5,49881.6
0.1,0.2,2,0.02,True,True,0.5,1,0.1,-4092.3,820.2949063192659,4092.3,-14.7,14.7,1.4,-10.948323260262423,-5.811679658761102,-34.36477445210876,-18.358884112919416,318.1,495.5,49881.6
0.1,0.1,2,0.02,True,True,0.0,1,0.1,-4092.3,820.2949063192659,4092.3,-14.7,14.7,1.4,-10.948323260262423,-5.811679658761102,-34.36477445210876,-18.358884112919416,318.1,495.5,49881.6
0.1,0.1,2,0.02,True,True,0.5,1,0.1,-4092.3,820.2949063192659,4092.3,-14.7,14.7,1.4,-10.948323260262423,-5.811679658761102,-34.36477445210876,-18.358884112919416,318.1,495.5,49881.6
0.1,0.1,2,0.02,True,True,1.0,1,0.1,-4092.3,820.2949063192659,4092.3,-14.7,14.7,1.4,-10.948323260262423,-5.811679658761102,-34.36477445210876,-18.358884112919416,318.1,495.5,49881.6
0.1,0.05,2,0.02,True,True,0.0,1,0.1,-4092.3,820.2949063192659,4092.3,-14.7,14.7,1.4,-10.948323260262423,-5.811679658761102,-34.36477445210876,-18.358884112919416,318.1,495.5,49881.6
0.1,0.05,2,0.02,True,True,0.5,1,0.1,-4092.3,820.2949063192659,4092.3,-14.7,14.7,1.4,-10.948323260262423,-5.811679658761102,-34.36477445210876,-18.358884112919416,318.1,495.5,49881.6
0.1,0.05,2,0.02,True,True,1.0,1,0.1,-4092.3,820.2949063192659,4092.3,-14.7,14.7,1.4,-10.948323260262423,-5.811679658761102,-34.36477445210876,-18.358884112919416,318.1,495.5,49881.6
0.1,0.01,2,0.02,True,True,0.0,1,0.1,-4092.3,820.2949063192659,4092.3,-14.7,14.7,1.4,-10.948323260262423,-5.811679658761102,-34.36477445210876,-18.358884112919416,318.1,495.5,49881.6
0.1,0.01,2,0.02,True,True,0.5,1,0.1,-4092.3,820.2949063192659,4092.3,-14.7,14.7,1.4,-10.948323260262423,-5.811679658761102,-34.36477445210876,-18.358884112919416,318.1,495.5,49881.6
0.1,0.01,2,0.02,True,True,1.0,1,0.1,-4092.3,820.2949063192659,4092.3,-14.7,14.7,1.4,-10.948323260262423,-5.811679658761102,-34.36477445210876,-18.358884112919416,318.1,495.5,49881.6
0.2,0.5,2,0.02,True,True,0.0,1,0.1,-4092.3,820.2949063192659,4092.3,-14.7,14.7,1.4,-10.948323260262423,-5.811679658761102,-34.36477445210876,-18.358884112919416,318.1,495.5,49881.6
0.2,0.2,2,0.02,True,True,0.0,1,0.1,-4092.3,820.2949063192659,4092.3,-14.7,14.7,1.4,-10.948323260262423,-5.811679658761102,-34.36477445210876,-18.358884112919416,318.1,495.5,49881.6
0.2,0.2,2,0.02,True,True,0.5,1,0.1,-4092.3,820.2949063192659,4092.3,-14.7,14.7,1.4,-10.948323260262423,-5.811679658761102,-34.36477445210876,-18.358884112919416,318.1,495.5,49881.6
0.2,0.1,2,0.02,True,True,0.0,1,0.1,-4092.3,820.2949063192659,4092.3,-14.7,14.7,1.4,-10.948323260262423,-5.811679658761102,-34.36477445210876,-18.358884112919416,318.1,495.5,49881.6
0.2,0.1,2,0.02,True,True,0.5,1,0.1,-4092.3,820.2949063192659,4092.3,-14.7,14.7,1.4,-10.948323260262423,-5.811679658761102,-34.36477445210876,-18.358884112919416,318.1,495.5,49881.6
0.2,0.1,2,0.02,True,True,1.0,1,0.1,-4092.3,820.2949063192659,4092.3,-14.7,14.7,1.4,-10.948323260262423,-5.811679658761102,-34.36477445210876,-18.358884112919416,318.1,495.5,49881.6
0.2,0.05,2,0.02,True,True,0.0,1,0.1,-4092.3,820.2949063192659,4092.3,-14.7,14.7,1.4,-10.948323260262423,-5.811679658761102,-34.36477445210876,-18.358884112919416,318.1,495.5,49881.6
0.2,0.05,2,0.02,True,True,0.5,1,0.1,-4092.3,820.2949063192659,4092.3,-14.7,14.7,1.4,-10.948323260262423,-5.811679658761102,-34.36477445210876,-18.358884112919416,318.1,495.5,49881.6
0.2,0.05,2,0.02,True,True,1.0,1,0.1,-4092.3,820.2949063192659,4092.3,-14.7,14.7,1.4,-10.948323260262423,-5.811679658761102,-34.36477445210876,-18.358884112919416,318.1,495.5,49881.6
0.2,0.01,2,0.02,True,True,0.0,1,0.1,-4092.3,820.2949063192659,4092.3,-14.7,14.7,1.4,-10.948323260262423,-5.811679658761102,-34.36477445210876,-18.358884112919416,318.1,495.5,49881.6
0.2,0.01,2,0.02,True,True,0.5,1,0.1,-4092.3,820.2949063192659,4092.3,-14.7,14.7,1.4,-10.948323260262423,-5.811679658761102,-34.36477445210876,-18.358884112919416,318.1,495.5,49881.6
0.2,0.01,2,0.02,True,True,1.0,1,0.1,-4092.3,820.2949063192659,4092.3,-14.7,14.7,1.4,-10.948323260262423,-5.811679658761102,-34.36477445210876,-18.358884112919416,318.1,495.5,49881.6
0.3,0.5,2,0.02,True,True,0.0,1,0.1,-4092.3,820.2949063192659,4092.3,-14.7,14.7,1.4,-10.948323260262423,-5.811679658761102,-34.36477445210876,-18.358884112919416,318.1,495.5,49881.6
0.3,0.2,2,0.02,True,True,0.0,1,0.1,-4092.3,820.2949063192659,4092.3,-14.7,14.7,1.4,-10.948323260262423,-5.811679658761102,-34.36477445210876,-18.358884112919416,318.1,495.5,49881.6
0.3,0.2,2,0.02,True,True,0.5,1,0.1,-4092.3,820.2949063192659,4092.3,-14.7,14.7,1.4,-10.948323260262423,-5.811679658761102,-34.36477445210876,-18.358884112919416,318.1,495.5,49881.6
0.3,0.1,2,0.02,True,True,0.0,1,0.1,-4092.3,820.2949063192659,4092.3,-14.7,14.7,1.4,-10.948323260262423,-5.811679658761102,-34.36477445210876,-18.358884112919416,318.1,495.5,49881.6
0.3,0.1,2,0.02,True,True,0.5,1,0.1,-4092.3,820.2949063192659,4092.3,-14.7,14.7,1.4,-10.948323260262423,-5.811679658761102,-34.36477445210876,-18.358884112919416,318.1,495.5,49881.6
0.3,0.05,2,0.02,True,True,0.0,1,0.1,-4092.3,820.2949063192659,4092.3,-14.7,14.7,1.4,-10.948323260262423,-5.811679658761102,-34.36477445210876,-18.358884112919416,318.1,495.5,49881.6
0.3,0.05,2,0.02,True,True,0.5,1,0.1,-4092.3,820.2949063192659,4092.3,-14.7,14.7,1.4,-10.948323260262423,-5.811679658761102,-34.36477445210876,-18.358884112919416,318.1,495.5,49881.6
0.3,0.05,2,0.02,True,True,1.0,1,0.1,-4092.3,820.2949063192659,4092.3,-14.7,14.7,1.4,-10.948323260262423,-5.811679658761102,-34.36477445210876,-18.358884112919416,318.1,495.5,49881.6
0.3,0.01,2,0.02,True,True,0.0,1,0.1,-4092.3,820.2949063192659,4092.3,-14.7,14.7,1.4,-10.948323260262423,-5.811679658761102,-34.36477445210876,-18.358884112919416,318.1,495.5,49881.6
0.3,0.01,2,0.02,True,True,0.5,1,0.1,-4092.3,820.2949063192659,4092.3,-14.7,14.7,1.4,-10.948323260262423,-5.811679658761102,-34.36477445210876,-18.358884112919416,318.1,495.5,49881.6
0.3,0.01,2,0.02,True,True,1.0,1,0.1,-4092.3,820.2949063192659,4092.3,-14.7,14.7,1.4,-10.948323260262423,-5.811679658761102,-34.36477445210876,-18.358884112919416,318.1,495.5,49881.6
0.2,0.5,2,0.02,True,True,1.0,1,0.1,-4141.05,761.6973899711676,4141.05,-14.0,14.0,1.6,-11.289707495432179,-6.155142210839307,-35.50867602226615,-19.21898408324189,307.0,477.0,49849.5
0.2,0.2,1,0.05,True,True,1.0,1,0.1,-1720.75,23998.012856681373,14989.15,-22.4,22.4,1.8,-12.403101733873564,-6.799663745763289,-0.23410949118955868,-0.22919675533206316,666.6,697.8,49468.8
0.2,0.5,1,0.05,True,True,1.0,1,0.1,16661.15,80480.97983238373,32434.45,-21.4,21.4,2.0,-11.65656634226347,-6.852337071294704,0.6603791270432091,0.6564652691165155,667.1,699.8,49406.3
0.3,0.5,1,0.05,True,True,1.0,1,0.1,-8234.5,2936.884223874759,8234.5,-23.1,23.1,1.8,-12.433008361211204,-6.891450889394297,-38.5764904277104,-21.90454216058494,670.4,700.1,49466.3
0.1,0.2,1,0.05,True,True,1.0,1,0.1,15787.85,80580.66356075548,33221.95,-22.9,22.9,1.7,-12.469737233123986,-7.161873446602726,0.6249904988641644,0.6210288443914239,664.3,703.3,49517.4
0.1,0.5,1,0.05,True,True,0.0,1,0.1,15544.9,80662.61523910015,33465.1,-22.9,22.9,1.7,-12.31148403461531,-7.174525530639014,0.615370688627365,0.6114702016208154,658.4,698.5,49512.9
0.2,0.5,1,0.05,True,True,0.0,1,0.1,15544.9,80662.61523910015,33465.1,-22.9,22.9,1.7,-12.31148403461531,-7.174525530639014,0.615370688627365,0.6114702016208154,658.4,698.5,49512.9
0.3,0.5,1,0.05,True,True,0.0,1,0.1,15544.9,80662.61523910015,33465.1,-22.9,22.9,1.7,-12.31148403461531,-7.174525530639014,0.615370688627365,0.6114702016208154,658.4,698.5,49512.9
0.3,0.2,1,0.05,True,True,1.0,1,0.1,-2268.6,24170.253025614402,15534.2,-22.1,22.1,1.8,-12.735437887437602,-7.177797529825285,-0.30860754496799836,-0.3022190390463242,669.0,702.7,49439.4
0.3,0.1,1,0.05,True,True,1.0,1,0.1,15539.4,80663.99942208832,33470.4,-22.9,22.9,1.8,-12.508477798156754,-7.232735650745192,0.6151539547979624,0.6112528795311211,657.6,699.1,49562.9
0.2,0.1,1,0.05,True,True,1.0,1,0.1,15483.85,80680.36825373526,33526.15,-23.1,23.1,1.6,-12.662224071494775,-7.281618338179466,0.61295506637069,0.6090351110362278,658.3,696.7,49539.8
0.1,0.2,1,0.05,True,True,0.0,1,0.1,15541.7,80660.50150138886,33468.3,-22.2,22.2,1.6,-12.386100449412563,-7.29019543444416,0.6152443521067141,0.6114621110671972,658.6,697.8,49539.9
0.1,0.1,1,0.05,True,True,0.0,1,0.1,15541.7,80660.50150138886,33468.3,-22.2,22.2,1.6,-12.386100449412563,-7.29019543444416,0.6152443521067141,0.6114621110671972,658.6,697.8,49539.9
0.1,0.1,1,0.05,True,True,0.5,1,0.1,15541.7,80660.50150138886,33468.3,-22.2,22.2,1.6,-12.386100449412563,-7.29019543444416,0.6152443521067141,0.6114621110671972,658.6,697.8,49539.9
0.1,0.1,1,0.05,True,True,1.0,1,0.1,15541.7,80660.50150138886,33468.3,-22.2,22.2,1.6,-12.386100449412563,-7.29019543444416,0.6152443521067141,0.6114621110671972,658.6,697.8,49539.9
0.1,0.05,1,0.05,True,True,0.0,1,0.1,15541.7,80660.50150138886,33468.3,-22.2,22.2,1.6,-12.386100449412563,-7.29019543444416,0.6152443521067141,0.6114621110671972,658.6,697.8,49539.9
0.1,0.05,1,0.05,True,True,0.5,1,0.1,15541.7,80660.50150138886,33468.3,-22.2,22.2,1.6,-12.386100449412563,-7.29019543444416,0.6152443521067141,0.6114621110671972,658.6,697.8,49539.9
0.1,0.05,1,0.05,True,True,1.0,1,0.1,15541.7,80660.50150138886,33468.3,-22.2,22.2,1.6,-12.386100449412563,-7.29019543444416,0.6152443521067141,0.6114621110671972,658.6,697.8,49539.9
0.1,0.01,1,0.05,True,True,0.0,1,0.1,15541.7,80660.50150138886,33468.3,-22.2,22.2,1.6,-12.386100449412563,-7.29019543444416,0.6152443521067141,0.6114621110671972,658.6,697.8,49539.9
0.1,0.01,1,0.05,True,True,0.5,1,0.1,15541.7,80660.50150138886,33468.3,-22.2,22.2,1.6,-12.386100449412563,-7.29019543444416,0.6152443521067141,0.6114621110671972,658.6,697.8,49539.9
0.1,0.01,1,0.05,True,True,1.0,1,0.1,15541.7,80660.50150138886,33468.3,-22.2,22.2,1.6,-12.386100449412563,-7.29019543444416,0.6152443521067141,0.6114621110671972,658.6,697.8,49539.9
0.2,0.2,1,0.05,True,True,0.0,1,0.1,15541.7,80660.50150138886,33468.3,-22.2,22.2,1.6,-12.386100449412563,-7.29019543444416,0.6152443521067141,0.6114621110671972,658.6,697.8,49539.9
0.2,0.1,1,0.05,True,True,0.0,1,0.1,15541.7,80660.50150138886,33468.3,-22.2,22.2,1.6,-12.386100449412563,-7.29019543444416,0.6152443521067141,0.6114621110671972,658.6,697.8,49539.9
0.2,0.1,1,0.05,True,True,0.5,1,0.1,15541.7,80660.50150138886,33468.3,-22.2,22.2,1.6,-12.386100449412563,-7.29019543444416,0.6152443521067141,0.6114621110671972,658.6,697.8,49539.9
0.2,0.05,1,0.05,True,True,0.0,1,0.1,15541.7,80660.50150138886,33468.3,-22.2,22.2,1.6,-12.386100449412563,-7.29019543444416,0.6152443521067141,0.6114621110671972,658.6,697.8,49539.9
0.2,0.05,1,0.05,True,True,0.5,1,0.1,15541.7,80660.50150138886,33468.3,-22.2,22.2,1.6,-12.386100449412563,-7.29019543444416,0.6152443521067141,0.6114621110671972,658.6,697.8,49539.9
0.2,0.05,1,0.05,True,True,1.0,1,0.1,15541.7,80660.50150138886,33468.3,-22.2,22.2,1.6,-12.386100449412563,-7.29019543444416,0.6152443521067141,0.6114621110671972,658.6,697.8,49539.9
0.2,0.01,1,0.05,True,True,0.0,1,0.1,15541.7,80660.50150138886,33468.3,-22.2,22.2,1.6,-12.386100449412563,-7.29019543444416,0.6152443521067141,0.6114621110671972,658.6,697.8,49539.9
0.2,0.01,1,0.05,True,True,0.5,1,0.1,15541.7,80660.50150138886,33468.3,-22.2,22.2,1.6,-12.386100449412563,-7.29019543444416,0.6152443521067141,0.6114621110671972,658.6,697.8,49539.9
0.2,0.01,1,0.05,True,True,1.0,1,0.1,15541.7,80660.50150138886,33468.3,-22.2,22.2,1.6,-12.386100449412563,-7.29019543444416,0.6152443521067141,0.6114621110671972,658.6,697.8,49539.9
0.3,0.2,1,0.05,True,True,0.0,1,0.1,15541.7,80660.50150138886,33468.3,-22.2,22.2,1.6,-12.386100449412563,-7.29019543444416,0.6152443521067141,0.6114621110671972,658.6,697.8,49539.9
0.3,0.1,1,0.05,True,True,0.0,1,0.1,15541.7,80660.50150138886,33468.3,-22.2,22.2,1.6,-12.386100449412563,-7.29019543444416,0.6152443521067141,0.6114621110671972,658.6,697.8,49539.9
0.3,0.1,1,0.05,True,True,0.5,1,0.1,15541.7,80660.50150138886,33468.3,-22.2,22.2,1.6,-12.386100449412563,-7.29019543444416,0.6152443521067141,0.6114621110671972,658.6,697.8,49539.9
0.3,0.05,1,0.05,True,True,0.0,1,0.1,15541.7,80660.50150138886,33468.3,-22.2,22.2,1.6,-12.386100449412563,-7.29019543444416,0.6152443521067141,0.6114621110671972,658.6,697.8,49539.9
0.3,0.05,1,0.05,True,True,0.5,1,0.1,15541.7,80660.50150138886,33468.3,-22.2,22.2,1.6,-12.386100449412563,-7.29019543444416,0.6152443521067141,0.6114621110671972,658.6,697.8,49539.9
0.3,0.01,1,0.05,True,True,0.0,1,0.1,15541.7,80660.50150138886,33468.3,-22.2,22.2,1.6,-12.386100449412563,-7.29019543444416,0.6152443521067141,0.6114621110671972,658.6,697.8,49539.9
0.3,0.01,1,0.05,True,True,0.5,1,0.1,15541.7,80660.50150138886,33468.3,-22.2,22.2,1.6,-12.386100449412563,-7.29019543444416,0.6152443521067141,0.6114621110671972,658.6,697.8,49539.9
0.3,0.01,1,0.05,True,True,1.0,1,0.1,15541.7,80660.50150138886,33468.3,-22.2,22.2,1.6,-12.386100449412563,-7.29019543444416,0.6152443521067141,0.6114621110671972,658.6,697.8,49539.9
0.2,0.2,1,0.05,True,True,0.5,1,0.1,15451.85,80691.65892321558,33558.15,-23.0,23.0,1.6,-12.731323487309963,-7.325526319463948,0.6116883860037168,0.6077922168796569,656.7,696.0,49569.0
0.1,0.2,1,0.05,True,True,0.5,1,0.1,15464.3,80687.61034047022,33545.7,-22.5,22.5,1.6,-12.625689860487698,-7.35796330859903,0.6121809515661542,0.6083666663194024,658.2,697.9,49548.6
0.3,0.05,1,0.05,True,True,1.0,1,0.1,15464.3,80687.61034047022,33545.7,-22.5,22.5,1.6,-12.625689860487698,-7.35796330859903,0.6121809515661542,0.6083666663194024,658.2,697.9,49548.6
0.3,0.2,1,0.05,True,True,0.5,1,0.1,15737.7,80602.55840273722,33272.3,-21.3,21.3,1.8,-12.39799903099683,-7.4785046554174155,0.6230046763121501,0.6193303451662334,658.7,697.5,49505.4
0.1,0.5,1,0.05,True,True,1.0,1,0.1,-8865.5,3583.1987106494666,8865.5,-21.6,21.6,1.8,-12.68429609033803,-7.568320280209081,-40.10140280690041,-23.7772525284055,671.8,710.2,49376.2
0.3,0.5,1,0.05,True,True,0.5,1,0.1,-9666.7,1552.5222524796366,9666.7,-21.7,21.7,2.0,-13.890641630127627,-8.177854818276154,-43.64723711830858,-25.833452879659436,669.7,699.9,49530.3
0.1,0.5,1,0.05,True,True,0.5,1,0.1,-9779.65,2115.843410111228,9779.65,-22.9,22.9,2.1,-14.312407019730893,-8.180460513960876,-45.178258841161735,-25.896922447459765,669.8,706.7,49533.0
0.2,0.5,1,0.05,True,True,0.5,1,0.1,-9524.1,2383.538392110911,9524.1,-21.4,21.4,1.9,-14.24053702888359,-8.32761544320857,-45.01732692540712,-26.296967411376293,663.9,697.2,49531.1
0.3,0.2,2,0.05,True,True,1.0,1,0.1,-5733.0,1119.9587790033465,5733.0,-12.0,12.0,2.3,-13.75930811165109,-8.361168690112999,-43.17197459723765,-26.404525414091832,734.0,1211.4,49382.7
0.1,0.5,2,0.05,True,True,1.0,1,0.1,-5645.4,863.4282701983864,5645.4,-10.8,10.8,1.7,-13.146596798738116,-8.554575016794809,-41.16502373030331,-26.49724746296448,726.6,1203.0,49409.7
0.2,0.5,2,0.05,True,True,1.0,1,0.1,-5888.8,757.0586062738691,5888.8,-10.1,11.3,1.9,-13.697848862498413,-8.728878405063414,-42.44314953570937,-26.987216805498356,721.5,1186.5,49448.8
0.1,0.5,2,0.05,True,True,0.5,1,0.1,-5584.4,745.9165800841569,5584.4,-10.8,11.2,2.0,-14.109034578802408,-8.74372874059077,-44.66563558062039,-27.400276938706124,726.2,1196.8,49477.9
0.3,0.5,2,0.05,True,True,0.5,1,0.1,-5737.35,765.458542675928,5737.35,-11.5,11.5,2.2,-14.123453863268601,-8.807430475934671,-44.52486403574467,-27.355414283789766,727.8,1202.7,49459.3
0.3,0.5,2,0.05,True,True,1.0,1,0.1,-5821.05,512.5086693033701,5821.05,-10.9,10.9,1.7,-13.872035045352103,-8.882410640146304,-43.42424337378748,-27.625109722150963,730.2,1199.3,49470.2
0.1,0.5,2,0.05,True,True,0.0,1,0.1,-5801.0,799.2271266667567,5801.0,-9.9,9.9,2.0,-13.219403694917496,-8.897787574206598,-40.97117588748551,-27.463738355818478,731.8,1201.9,49477.2
0.2,0.5,2,0.05,True,True,0.0,1,0.1,-5801.0,799.2271266667567,5801.0,-9.9,9.9,2.0,-13.219403694917496,-8.897787574206598,-40.97117588748551,-27.463738355818478,731.8,1201.9,49477.2
0.3,0.5,2,0.05,True,True,0.0,1,0.1,-5801.0,799.2271266667567,5801.0,-9.9,9.9,2.0,-13.219403694917496,-8.897787574206598,-40.97117588748551,-27.463738355818478,731.8,1201.9,49477.2
0.2,0.5,2,0.05,True,True,0.5,1,0.1,-5592.9,931.618269464484,5592.9,-10.5,10.5,1.9,-14.020169362005747,-8.93179622868026,-44.312747519126766,-27.951211437881252,725.2,1194.9,49509.1
0.1,0.2,2,0.05,True,True,1.0,1,0.1,-5640.0,900.9554188008786,5640.0,-9.4,9.4,2.0,-13.215628059542428,-8.982293627692156,-40.840433606989336,-27.61399609644637,729.1,1198.2,49516.4
0.3,0.2,2,0.05,True,True,0.5,1,0.1,-5755.7,813.9448589022069,5755.7,-9.5,9.5,2.0,-13.328495213836998,-9.069825572873816,-41.247370331134675,-27.89084666881118,732.2,1202.7,49478.9
0.3,0.1,2,0.05,True,True,1.0,1,0.1,-5755.7,813.9448589022069,5755.7,-9.5,9.5,2.0,-13.328495213836998,-9.069825572873816,-41.247370331134675,-27.89084666881118,732.2,1202.7,49478.9
0.1,0.2,2,0.05,True,True,0.0,1,0.1,-5755.4,814.1254612568426,5755.4,-9.5,9.5,2.0,-13.329117221320152,-9.070019252384137,-41.24840132033859,-27.890847286557044,732.2,1202.7,49478.9
0.1,0.2,2,0.05,True,True,0.5,1,0.1,-5755.4,814.1254612568426,5755.4,-9.5,9.5,2.0,-13.329117221320152,-9.070019252384137,-41.24840132033859,-27.890847286557044,732.2,1202.7,49478.9
0.1,0.1,2,0.05,True,True,0.0,1,0.1,-5755.4,814.1254612568426,5755.4,-9.5,9.5,2.0,-13.329117221320152,-9.070019252384137,-41.24840132033859,-27.890847286557044,732.2,1202.7,49478.9
0.1,0.1,2,0.05,True,True,0.5,1,0.1,-5755.4,814.1254612568426,5755.4,-9.5,9.5,2.0,-13.329117221320152,-9.070019252384137,-41.24840132033859,-27.890847286557044,732.2,1202.7,49478.9
0.1,0.1,2,0.05,True,True,1.0,1,0.1,-5755.4,814.1254612568426,5755.4,-9.5,9.5,2.0,-13.329117221320152,-9.070019252384137,-41.24840132033859,-27.890847286557044,732.2,1202.7,49478.9
0.1,0.05,2,0.05,True,True,0.0,1,0.1,-5755.4,814.1254612568426,5755.4,-9.5,9.5,2.0,-13.329117221320152,-9.070019252384137,-41.24840132033859,-27.890847286557044,732.2,1202.7,49478.9
0.1,0.05,2,0.05,True,True,0.5,1,0.1,-5755.4,814.1254612568426,5755.4,-9.5,9.5,2.0,-13.329117221320152,-9.070019252384137,-41.24840132033859,-27.890847286557044,732.2,1202.7,49478.9
0.1,0.05,2,0.05,True,True,1.0,1,0.1,-5755.4,814.1254612568426,5755.4,-9.5,9.5,2.0,-13.329117221320152,-9.070019252384137,-41.24840132033859,-27.890847286557044,732.2,1202.7,49478.9
0.1,0.01,2,0.05,True,True,0.0,1,0.1,-5755.4,814.1254612568426,5755.4,-9.5,9.5,2.0,-13.329117221320152,-9.070019252384137,-41.24840132033859,-27.890847286557044,732.2,1202.7,49478.9
0.1,0.01,2,0.05,True,True,0.5,1,0.1,-5755.4,814.1254612568426,5755.4,-9.5,9.5,2.0,-13.329117221320152,-9.070019252384137,-41.24840132033859,-27.890847286557044,732.2,1202.7,49478.9
0.1,0.01,2,0.05,True,True,1.0,1,0.1,-5755.4,814.1254612568426,5755.4,-9.5,9.5,2.0,-13.329117221320152,-9.070019252384137,-41.24840132033859,-27.890847286557044,732.2,1202.7,49478.9
0.2,0.2,2,0.05,True,True,0.0,1,0.1,-5755.4,814.1254612568426,5755.4,-9.5,9.5,2.0,-13.329117221320152,-9.070019252384137,-41.24840132033859,-27.890847286557044,732.2,1202.7,49478.9
0.2,0.2,2,0.05,True,True,0.5,1,0.1,-5755.4,814.1254612568426,5755.4,-9.5,9.5,2.0,-13.329117221320152,-9.070019252384137,-41.24840132033859,-27.890847286557044,732.2,1202.7,49478.9
0.2,0.1,2,0.05,True,True,0.0,1,0.1,-5755.4,814.1254612568426,5755.4,-9.5,9.5,2.0,-13.329117221320152,-9.070019252384137,-41.24840132033859,-27.890847286557044,732.2,1202.7,49478.9
0.2,0.1,2,0.05,True,True,0.5,1,0.1,-5755.4,814.1254612568426,5755.4,-9.5,9.5,2.0,-13.329117221320152,-9.070019252384137,-41.24840132033859,-27.890847286557044,732.2,1202.7,49478.9
0.2,0.1,2,0.05,True,True,1.0,1,0.1,-5755.4,814.1254612568426,5755.4,-9.5,9.5,2.0,-13.329117221320152,-9.070019252384137,-41.24840132033859,-27.890847286557044,732.2,1202.7,49478.9
0.2,0.05,2,0.05,True,True,0.0,1,0.1,-5755.4,814.1254612568426,5755.4,-9.5,9.5,2.0,-13.329117221320152,-9.070019252384137,-41.24840132033859,-27.890847286557044,732.2,1202.7,49478.9
0.2,0.05,2,0.05,True,True,0.5,1,0.1,-5755.4,814.1254612568426,5755.4,-9.5,9.5,2.0,-13.329117221320152,-9.070019252384137,-41.24840132033859,-27.890847286557044,732.2,1202.7,49478.9
0.2,0.05,2,0.05,True,True,1.0,1,0.1,-5755.4,814.1254612568426,5755.4,-9.5,9.5,2.0,-13.329117221320152,-9.070019252384137,-41.24840132033859,-27.890847286557044,732.2,1202.7,49478.9
0.2,0.01,2,0.05,True,True,0.0,1,0.1,-5755.4,814.1254612568426,5755.4,-9.5,9.5,2.0,-13.329117221320152,-9.070019252384137,-41.24840132033859,-27.890847286557044,732.2,1202.7,49478.9
0.2,0.01,2,0.05,True,True,0.5,1,0.1,-5755.4,814.1254612568426,5755.4,-9.5,9.5,2.0,-13.329117221320152,-9.070019252384137,-41.24840132033859,-27.890847286557044,732.2,1202.7,49478.9
0.2,0.01,2,0.05,True,True,1.0,1,0.1,-5755.4,814.1254612568426,5755.4,-9.5,9.5,2.0,-13.329117221320152,-9.070019252384137,-41.24840132033859,-27.890847286557044,732.2,1202.7,49478.9
0.3,0.2,2,0.05,True,True,0.0,1,0.1,-5755.4,814.1254612568426,5755.4,-9.5,9.5,2.0,-13.329117221320152,-9.070019252384137,-41.24840132033859,-27.890847286557044,732.2,1202.7,49478.9
0.3,0.1,2,0.05,True,True,0.0,1,0.1,-5755.4,814.1254612568426,5755.4,-9.5,9.5,2.0,-13.329117221320152,-9.070019252384137,-41.24840132033859,-27.890847286557044,732.2,1202.7,49478.9
0.3,0.1,2,0.05,True,True,0.5,1,0.1,-5755.4,814.1254612568426,5755.4,-9.5,9.5,2.0,-13.329117221320152,-9.070019252384137,-41.24840132033859,-27.890847286557044,732.2,1202.7,49478.9
0.3,0.05,2,0.05,True,True,0.0,1,0.1,-5755.4,814.1254612568426,5755.4,-9.5,9.5,2.0,-13.329117221320152,-9.070019252384137,-41.24840132033859,-27.890847286557044,732.2,1202.7,49478.9
0.3,0.05,2,0.05,True,True,0.5,1,0.1,-5755.4,814.1254612568426,5755.4,-9.5,9.5,2.0,-13.329117221320152,-9.070019252384137,-41.24840132033859,-27.890847286557044,732.2,1202.7,49478.9
0.3,0.05,2,0.05,True,True,1.0,1,0.1,-5755.4,814.1254612568426,5755.4,-9.5,9.5,2.0,-13.329117221320152,-9.070019252384137,-41.24840132033859,-27.890847286557044,732.2,1202.7,49478.9
0.3,0.01,2,0.05,True,True,0.0,1,0.1,-5755.4,814.1254612568426,5755.4,-9.5,9.5,2.0,-13.329117221320152,-9.070019252384137,-41.24840132033859,-27.890847286557044,732.2,1202.7,49478.9
0.3,0.01,2,0.05,True,True,0.5,1,0.1,-5755.4,814.1254612568426,5755.4,-9.5,9.5,2.0,-13.329117221320152,-9.070019252384137,-41.24840132033859,-27.890847286557044,732.2,1202.7,49478.9
0.3,0.01,2,0.05,True,True,1.0,1,0.1,-5755.4,814.1254612568426,5755.4,-9.5,9.5,2.0,-13.329117221320152,-9.070019252384137,-41.24840132033859,-27.890847286557044,732.2,1202.7,49478.9
0.2,0.2,2,0.05,True,True,1.0,1,0.1,-5959.75,843.6426721861178,5959.75,-9.7,9.7,2.3,-14.292050375066987,-9.631449855913,-44.41640349746426,-29.439864710250163,739.8,1214.3,49519.6
